District,Annual_Rainfall_mm,State,Market,Commodity,Variety,Grade,Arrival_Date,Min_x0020_Price,Max_x0020_Price,Modal_x0020_Price,Effective_Rainfall_mm,GW_Depth_m,GW_Contribution_mm,Total_Available_mm,Feasibility,Top_3_Crops
Gurdaspur,714.8,Punjab,Gurdaspur,Carrot,Other,FAQ,28/10/2025,1200.0,1400.0,1300.0,464.62,,,464.62,"{'Paddy': np.float64(38.72), 'Wheat': np.float64(103.25), 'Maize': np.float64(84.48), 'Cotton': np.float64(66.37), 'Sugarcane': np.float64(30.97), 'Mustard': np.float64(116.16), 'Barley': np.float64(103.25), 'Groundnut': np.float64(77.44)}","['1. Mustard (116.16%)', '2. Wheat (103.25%)', '3. Barley (103.25%)']"
Gurdaspur,714.8,Punjab,Gurdaspur,Cucumbar(Kheera),Other,FAQ,28/10/2025,1500.0,1700.0,1600.0,464.62,,,464.62,"{'Paddy': np.float64(38.72), 'Wheat': np.float64(103.25), 'Maize': np.float64(84.48), 'Cotton': np.float64(66.37), 'Sugarcane': np.float64(30.97), 'Mustard': np.float64(116.16), 'Barley': np.float64(103.25), 'Groundnut': np.float64(77.44)}","['1. Mustard (116.16%)', '2. Wheat (103.25%)', '3. Barley (103.25%)']"
Gurdaspur,714.8,Punjab,Gurdaspur,Garlic,Other,FAQ,28/10/2025,5500.0,6000.0,5800.0,464.62,,,464.62,"{'Paddy': np.float64(38.72), 'Wheat': np.float64(103.25), 'Maize': np.float64(84.48), 'Cotton': np.float64(66.37), 'Sugarcane': np.float64(30.97), 'Mustard': np.float64(116.16), 'Barley': np.float64(103.25), 'Groundnut': np.float64(77.44)}","['1. Mustard (116.16%)', '2. Wheat (103.25%)', '3. Barley (103.25%)']"
Gurdaspur,714.8,Punjab,Gurdaspur,Papaya,Other,Medium,28/10/2025,3000.0,3500.0,3300.0,464.62,,,464.62,"{'Paddy': np.float64(38.72), 'Wheat': np.float64(103.25), 'Maize': np.float64(84.48), 'Cotton': np.float64(66.37), 'Sugarcane': np.float64(30.97), 'Mustard': np.float64(116.16), 'Barley': np.float64(103.25), 'Groundnut': np.float64(77.44)}","['1. Mustard (116.16%)', '2. Wheat (103.25%)', '3. Barley (103.25%)']"
Gurdaspur,714.8,Punjab,Kalanaur,Bottle gourd,Bottle Gourd,FAQ,28/10/2025,200.0,200.0,200.0,464.62,,,464.62,"{'Paddy': np.float64(38.72), 'Wheat': np.float64(103.25), 'Maize': np.float64(84.48), 'Cotton': np.float64(66.37), 'Sugarcane': np.float64(30.97), 'Mustard': np.float64(116.16), 'Barley': np.float64(103.25), 'Groundnut': np.float64(77.44)}","['1. Mustard (116.16%)', '2. Wheat (103.25%)', '3. Barley (103.25%)']"
Gurdaspur,714.8,Punjab,Quadian,Brinjal,Other,FAQ,28/10/2025,1700.0,1900.0,1800.0,464.62,,,464.62,"{'Paddy': np.float64(38.72), 'Wheat': np.float64(103.25), 'Maize': np.float64(84.48), 'Cotton': np.float64(66.37), 'Sugarcane': np.float64(30.97), 'Mustard': np.float64(116.16), 'Barley': np.float64(103.25), 'Groundnut': np.float64(77.44)}","['1. Mustard (116.16%)', '2. Wheat (103.25%)', '3. Barley (103.25%)']"
Gurdaspur,714.8,Punjab,Quadian,Carrot,Other,FAQ,28/10/2025,6000.0,6200.0,6100.0,464.62,,,464.62,"{'Paddy': np.float64(38.72), 'Wheat': np.float64(103.25), 'Maize': np.float64(84.48), 'Cotton': np.float64(66.37), 'Sugarcane': np.float64(30.97), 'Mustard': np.float64(116.16), 'Barley': np.float64(103.25), 'Groundnut': np.float64(77.44)}","['1. Mustard (116.16%)', '2. Wheat (103.25%)', '3. Barley (103.25%)']"
Gurdaspur,714.8,Punjab,Quadian,Green Chilli,Other,FAQ,28/10/2025,8700.0,8900.0,8800.0,464.62,,,464.62,"{'Paddy': np.float64(38.72), 'Wheat': np.float64(103.25), 'Maize': np.float64(84.48), 'Cotton': np.float64(66.37), 'Sugarcane': np.float64(30.97), 'Mustard': np.float64(116.16), 'Barley': np.float64(103.25), 'Groundnut': np.float64(77.44)}","['1. Mustard (116.16%)', '2. Wheat (103.25%)', '3. Barley (103.25%)']"
Gurdaspur,714.8,Punjab,Quadian,Onion,Other,FAQ,28/10/2025,1200.0,1400.0,1300.0,464.62,,,464.62,"{'Paddy': np.float64(38.72), 'Wheat': np.float64(103.25), 'Maize': np.float64(84.48), 'Cotton': np.float64(66.37), 'Sugarcane': np.float64(30.97), 'Mustard': np.float64(116.16), 'Barley': np.float64(103.25), 'Groundnut': np.float64(77.44)}","['1. Mustard (116.16%)', '2. Wheat (103.25%)', '3. Barley (103.25%)']"
Gurdaspur,714.8,Punjab,Quadian,Tomato,Other,FAQ,28/10/2025,2900.0,3100.0,3000.0,464.62,,,464.62,"{'Paddy': np.float64(38.72), 'Wheat': np.float64(103.25), 'Maize': np.float64(84.48), 'Cotton': np.float64(66.37), 'Sugarcane': np.float64(30.97), 'Mustard': np.float64(116.16), 'Barley': np.float64(103.25), 'Groundnut': np.float64(77.44)}","['1. Mustard (116.16%)', '2. Wheat (103.25%)', '3. Barley (103.25%)']"
Gurdaspur,714.8,Punjab,Gurdaspur,Bhindi(Ladies Finger),Other,FAQ,28/10/2025,3500.0,5000.0,4000.0,464.62,,,464.62,"{'Paddy': np.float64(38.72), 'Wheat': np.float64(103.25), 'Maize': np.float64(84.48), 'Cotton': np.float64(66.37), 'Sugarcane': np.float64(30.97), 'Mustard': np.float64(116.16), 'Barley': np.float64(103.25), 'Groundnut': np.float64(77.44)}","['1. Mustard (116.16%)', '2. Wheat (103.25%)', '3. Barley (103.25%)']"
Gurdaspur,714.8,Punjab,Gurdaspur,Cauliflower,Other,FAQ,28/10/2025,5000.0,6000.0,5500.0,464.62,,,464.62,"{'Paddy': np.float64(38.72), 'Wheat': np.float64(103.25), 'Maize': np.float64(84.48), 'Cotton': np.float64(66.37), 'Sugarcane': np.float64(30.97), 'Mustard': np.float64(116.16), 'Barley': np.float64(103.25), 'Groundnut': np.float64(77.44)}","['1. Mustard (116.16%)', '2. Wheat (103.25%)', '3. Barley (103.25%)']"
Gurdaspur,714.8,Punjab,Gurdaspur,Mousambi(Sweet Lime),Other,Medium,28/10/2025,3500.0,4000.0,3800.0,464.62,,,464.62,"{'Paddy': np.float64(38.72), 'Wheat': np.float64(103.25), 'Maize': np.float64(84.48), 'Cotton': np.float64(66.37), 'Sugarcane': np.float64(30.97), 'Mustard': np.float64(116.16), 'Barley': np.float64(103.25), 'Groundnut': np.float64(77.44)}","['1. Mustard (116.16%)', '2. Wheat (103.25%)', '3. Barley (103.25%)']"
Gurdaspur,714.8,Punjab,Gurdaspur,Pomegranate,Other,Medium,28/10/2025,8000.0,10000.0,9000.0,464.62,,,464.62,"{'Paddy': np.float64(38.72), 'Wheat': np.float64(103.25), 'Maize': np.float64(84.48), 'Cotton': np.float64(66.37), 'Sugarcane': np.float64(30.97), 'Mustard': np.float64(116.16), 'Barley': np.float64(103.25), 'Groundnut': np.float64(77.44)}","['1. Mustard (116.16%)', '2. Wheat (103.25%)', '3. Barley (103.25%)']"
Gurdaspur,714.8,Punjab,Gurdaspur,Potato,Other,FAQ,28/10/2025,600.0,800.0,700.0,464.62,,,464.62,"{'Paddy': np.float64(38.72), 'Wheat': np.float64(103.25), 'Maize': np.float64(84.48), 'Cotton': np.float64(66.37), 'Sugarcane': np.float64(30.97), 'Mustard': np.float64(116.16), 'Barley': np.float64(103.25), 'Groundnut': np.float64(77.44)}","['1. Mustard (116.16%)', '2. Wheat (103.25%)', '3. Barley (103.25%)']"
Gurdaspur,714.8,Punjab,Gurdaspur,Raddish,Other,FAQ,28/10/2025,1500.0,2000.0,1700.0,464.62,,,464.62,"{'Paddy': np.float64(38.72), 'Wheat': np.float64(103.25), 'Maize': np.float64(84.48), 'Cotton': np.float64(66.37), 'Sugarcane': np.float64(30.97), 'Mustard': np.float64(116.16), 'Barley': np.float64(103.25), 'Groundnut': np.float64(77.44)}","['1. Mustard (116.16%)', '2. Wheat (103.25%)', '3. Barley (103.25%)']"
Gurdaspur,714.8,Punjab,Quadian,Garlic,Other,FAQ,28/10/2025,6000.0,6200.0,6100.0,464.62,,,464.62,"{'Paddy': np.float64(38.72), 'Wheat': np.float64(103.25), 'Maize': np.float64(84.48), 'Cotton': np.float64(66.37), 'Sugarcane': np.float64(30.97), 'Mustard': np.float64(116.16), 'Barley': np.float64(103.25), 'Groundnut': np.float64(77.44)}","['1. Mustard (116.16%)', '2. Wheat (103.25%)', '3. Barley (103.25%)']"
Gurdaspur,714.8,Punjab,Gurdaspur,Apple,Apple,Medium,28/10/2025,5000.0,6000.0,5500.0,464.62,,,464.62,"{'Paddy': np.float64(38.72), 'Wheat': np.float64(103.25), 'Maize': np.float64(84.48), 'Cotton': np.float64(66.37), 'Sugarcane': np.float64(30.97), 'Mustard': np.float64(116.16), 'Barley': np.float64(103.25), 'Groundnut': np.float64(77.44)}","['1. Mustard (116.16%)', '2. Wheat (103.25%)', '3. Barley (103.25%)']"
Gurdaspur,714.8,Punjab,Gurdaspur,Bitter gourd,Other,FAQ,28/10/2025,4500.0,5500.0,5000.0,464.62,,,464.62,"{'Paddy': np.float64(38.72), 'Wheat': np.float64(103.25), 'Maize': np.float64(84.48), 'Cotton': np.float64(66.37), 'Sugarcane': np.float64(30.97), 'Mustard': np.float64(116.16), 'Barley': np.float64(103.25), 'Groundnut': np.float64(77.44)}","['1. Mustard (116.16%)', '2. Wheat (103.25%)', '3. Barley (103.25%)']"
Gurdaspur,714.8,Punjab,Gurdaspur,Brinjal,Other,FAQ,28/10/2025,1400.0,1600.0,1500.0,464.62,,,464.62,"{'Paddy': np.float64(38.72), 'Wheat': np.float64(103.25), 'Maize': np.float64(84.48), 'Cotton': np.float64(66.37), 'Sugarcane': np.float64(30.97), 'Mustard': np.float64(116.16), 'Barley': np.float64(103.25), 'Groundnut': np.float64(77.44)}","['1. Mustard (116.16%)', '2. Wheat (103.25%)', '3. Barley (103.25%)']"
Gurdaspur,714.8,Punjab,Gurdaspur,Capsicum,Other,FAQ,28/10/2025,3500.0,4500.0,4000.0,464.62,,,464.62,"{'Paddy': np.float64(38.72), 'Wheat': np.float64(103.25), 'Maize': np.float64(84.48), 'Cotton': np.float64(66.37), 'Sugarcane': np.float64(30.97), 'Mustard': np.float64(116.16), 'Barley': np.float64(103.25), 'Groundnut': np.float64(77.44)}","['1. Mustard (116.16%)', '2. Wheat (103.25%)', '3. Barley (103.25%)']"
Gurdaspur,714.8,Punjab,Gurdaspur,Guava,Other,Medium,28/10/2025,3500.0,4000.0,3800.0,464.62,,,464.62,"{'Paddy': np.float64(38.72), 'Wheat': np.float64(103.25), 'Maize': np.float64(84.48), 'Cotton': np.float64(66.37), 'Sugarcane': np.float64(30.97), 'Mustard': np.float64(116.16), 'Barley': np.float64(103.25), 'Groundnut': np.float64(77.44)}","['1. Mustard (116.16%)', '2. Wheat (103.25%)', '3. Barley (103.25%)']"
Gurdaspur,714.8,Punjab,Gurdaspur,Onion,Other,FAQ,28/10/2025,1400.0,1600.0,1500.0,464.62,,,464.62,"{'Paddy': np.float64(38.72), 'Wheat': np.float64(103.25), 'Maize': np.float64(84.48), 'Cotton': np.float64(66.37), 'Sugarcane': np.float64(30.97), 'Mustard': np.float64(116.16), 'Barley': np.float64(103.25), 'Groundnut': np.float64(77.44)}","['1. Mustard (116.16%)', '2. Wheat (103.25%)', '3. Barley (103.25%)']"
Gurdaspur,714.8,Punjab,Gurdaspur,Tomato,Other,FAQ,28/10/2025,1700.0,2000.0,1800.0,464.62,,,464.62,"{'Paddy': np.float64(38.72), 'Wheat': np.float64(103.25), 'Maize': np.float64(84.48), 'Cotton': np.float64(66.37), 'Sugarcane': np.float64(30.97), 'Mustard': np.float64(116.16), 'Barley': np.float64(103.25), 'Groundnut': np.float64(77.44)}","['1. Mustard (116.16%)', '2. Wheat (103.25%)', '3. Barley (103.25%)']"
Gurdaspur,714.8,Punjab,Kalanaur,Pumpkin,Other,FAQ,28/10/2025,200.0,200.0,200.0,464.62,,,464.62,"{'Paddy': np.float64(38.72), 'Wheat': np.float64(103.25), 'Maize': np.float64(84.48), 'Cotton': np.float64(66.37), 'Sugarcane': np.float64(30.97), 'Mustard': np.float64(116.16), 'Barley': np.float64(103.25), 'Groundnut': np.float64(77.44)}","['1. Mustard (116.16%)', '2. Wheat (103.25%)', '3. Barley (103.25%)']"
Gurdaspur,714.8,Punjab,Quadian,Banana,Other,Medium,28/10/2025,4100.0,4300.0,4200.0,464.62,,,464.62,"{'Paddy': np.float64(38.72), 'Wheat': np.float64(103.25), 'Maize': np.float64(84.48), 'Cotton': np.float64(66.37), 'Sugarcane': np.float64(30.97), 'Mustard': np.float64(116.16), 'Barley': np.float64(103.25), 'Groundnut': np.float64(77.44)}","['1. Mustard (116.16%)', '2. Wheat (103.25%)', '3. Barley (103.25%)']"
Gurdaspur,714.8,Punjab,Quadian,Cauliflower,Other,FAQ,28/10/2025,6000.0,6200.0,6100.0,464.62,,,464.62,"{'Paddy': np.float64(38.72), 'Wheat': np.float64(103.25), 'Maize': np.float64(84.48), 'Cotton': np.float64(66.37), 'Sugarcane': np.float64(30.97), 'Mustard': np.float64(116.16), 'Barley': np.float64(103.25), 'Groundnut': np.float64(77.44)}","['1. Mustard (116.16%)', '2. Wheat (103.25%)', '3. Barley (103.25%)']"
Gurdaspur,714.8,Punjab,Quadian,Mousambi(Sweet Lime),Other,Medium,28/10/2025,3500.0,3700.0,3600.0,464.62,,,464.62,"{'Paddy': np.float64(38.72), 'Wheat': np.float64(103.25), 'Maize': np.float64(84.48), 'Cotton': np.float64(66.37), 'Sugarcane': np.float64(30.97), 'Mustard': np.float64(116.16), 'Barley': np.float64(103.25), 'Groundnut': np.float64(77.44)}","['1. Mustard (116.16%)', '2. Wheat (103.25%)', '3. Barley (103.25%)']"
Gurdaspur,714.8,Punjab,Quadian,Papaya,Other,Medium,28/10/2025,2900.0,3100.0,3000.0,464.62,,,464.62,"{'Paddy': np.float64(38.72), 'Wheat': np.float64(103.25), 'Maize': np.float64(84.48), 'Cotton': np.float64(66.37), 'Sugarcane': np.float64(30.97), 'Mustard': np.float64(116.16), 'Barley': np.float64(103.25), 'Groundnut': np.float64(77.44)}","['1. Mustard (116.16%)', '2. Wheat (103.25%)', '3. Barley (103.25%)']"
Gurdaspur,714.8,Punjab,Gurdaspur,Bottle gourd,Other,FAQ,28/10/2025,1400.0,1600.0,1500.0,464.62,,,464.62,"{'Paddy': np.float64(38.72), 'Wheat': np.float64(103.25), 'Maize': np.float64(84.48), 'Cotton': np.float64(66.37), 'Sugarcane': np.float64(30.97), 'Mustard': np.float64(116.16), 'Barley': np.float64(103.25), 'Groundnut': np.float64(77.44)}","['1. Mustard (116.16%)', '2. Wheat (103.25%)', '3. Barley (103.25%)']"
Gurdaspur,714.8,Punjab,Gurdaspur,Cabbage,Other,FAQ,28/10/2025,600.0,800.0,700.0,464.62,,,464.62,"{'Paddy': np.float64(38.72), 'Wheat': np.float64(103.25), 'Maize': np.float64(84.48), 'Cotton': np.float64(66.37), 'Sugarcane': np.float64(30.97), 'Mustard': np.float64(116.16), 'Barley': np.float64(103.25), 'Groundnut': np.float64(77.44)}","['1. Mustard (116.16%)', '2. Wheat (103.25%)', '3. Barley (103.25%)']"
Gurdaspur,714.8,Punjab,Gurdaspur,Coriander(Leaves),Other,FAQ,28/10/2025,2500.0,3000.0,2700.0,464.62,,,464.62,"{'Paddy': np.float64(38.72), 'Wheat': np.float64(103.25), 'Maize': np.float64(84.48), 'Cotton': np.float64(66.37), 'Sugarcane': np.float64(30.97), 'Mustard': np.float64(116.16), 'Barley': np.float64(103.25), 'Groundnut': np.float64(77.44)}","['1. Mustard (116.16%)', '2. Wheat (103.25%)', '3. Barley (103.25%)']"
Gurdaspur,714.8,Punjab,Gurdaspur,French Beans (Frasbean),Other,FAQ,28/10/2025,5000.0,6000.0,5500.0,464.62,,,464.62,"{'Paddy': np.float64(38.72), 'Wheat': np.float64(103.25), 'Maize': np.float64(84.48), 'Cotton': np.float64(66.37), 'Sugarcane': np.float64(30.97), 'Mustard': np.float64(116.16), 'Barley': np.float64(103.25), 'Groundnut': np.float64(77.44)}","['1. Mustard (116.16%)', '2. Wheat (103.25%)', '3. Barley (103.25%)']"
Gurdaspur,714.8,Punjab,Kalanaur,Green Chilli,Green Chilly,FAQ,28/10/2025,5000.0,5000.0,5000.0,464.62,,,464.62,"{'Paddy': np.float64(38.72), 'Wheat': np.float64(103.25), 'Maize': np.float64(84.48), 'Cotton': np.float64(66.37), 'Sugarcane': np.float64(30.97), 'Mustard': np.float64(116.16), 'Barley': np.float64(103.25), 'Groundnut': np.float64(77.44)}","['1. Mustard (116.16%)', '2. Wheat (103.25%)', '3. Barley (103.25%)']"
Gurdaspur,714.8,Punjab,Quadian,Apple,Other,Medium,28/10/2025,5200.0,5400.0,5300.0,464.62,,,464.62,"{'Paddy': np.float64(38.72), 'Wheat': np.float64(103.25), 'Maize': np.float64(84.48), 'Cotton': np.float64(66.37), 'Sugarcane': np.float64(30.97), 'Mustard': np.float64(116.16), 'Barley': np.float64(103.25), 'Groundnut': np.float64(77.44)}","['1. Mustard (116.16%)', '2. Wheat (103.25%)', '3. Barley (103.25%)']"
Gurdaspur,714.8,Punjab,Quadian,Potato,Other,FAQ,28/10/2025,1300.0,1500.0,1400.0,464.62,,,464.62,"{'Paddy': np.float64(38.72), 'Wheat': np.float64(103.25), 'Maize': np.float64(84.48), 'Cotton': np.float64(66.37), 'Sugarcane': np.float64(30.97), 'Mustard': np.float64(116.16), 'Barley': np.float64(103.25), 'Groundnut': np.float64(77.44)}","['1. Mustard (116.16%)', '2. Wheat (103.25%)', '3. Barley (103.25%)']"
Gurdaspur,714.8,Punjab,Gurdaspur,Banana,Other,Medium,28/10/2025,1800.0,2000.0,1900.0,464.62,,,464.62,"{'Paddy': np.float64(38.72), 'Wheat': np.float64(103.25), 'Maize': np.float64(84.48), 'Cotton': np.float64(66.37), 'Sugarcane': np.float64(30.97), 'Mustard': np.float64(116.16), 'Barley': np.float64(103.25), 'Groundnut': np.float64(77.44)}","['1. Mustard (116.16%)', '2. Wheat (103.25%)', '3. Barley (103.25%)']"
Gurdaspur,714.8,Punjab,Gurdaspur,Ginger(Dry),Other,FAQ,28/10/2025,4000.0,4500.0,4200.0,464.62,,,464.62,"{'Paddy': np.float64(38.72), 'Wheat': np.float64(103.25), 'Maize': np.float64(84.48), 'Cotton': np.float64(66.37), 'Sugarcane': np.float64(30.97), 'Mustard': np.float64(116.16), 'Barley': np.float64(103.25), 'Groundnut': np.float64(77.44)}","['1. Mustard (116.16%)', '2. Wheat (103.25%)', '3. Barley (103.25%)']"
Gurdaspur,714.8,Punjab,Gurdaspur,Green Chilli,Other,FAQ,28/10/2025,2500.0,3000.0,2800.0,464.62,,,464.62,"{'Paddy': np.float64(38.72), 'Wheat': np.float64(103.25), 'Maize': np.float64(84.48), 'Cotton': np.float64(66.37), 'Sugarcane': np.float64(30.97), 'Mustard': np.float64(116.16), 'Barley': np.float64(103.25), 'Groundnut': np.float64(77.44)}","['1. Mustard (116.16%)', '2. Wheat (103.25%)', '3. Barley (103.25%)']"
Gurdaspur,714.8,Punjab,Kalanaur,Capsicum,Capsicum,FAQ,28/10/2025,4500.0,4500.0,4500.0,464.62,,,464.62,"{'Paddy': np.float64(38.72), 'Wheat': np.float64(103.25), 'Maize': np.float64(84.48), 'Cotton': np.float64(66.37), 'Sugarcane': np.float64(30.97), 'Mustard': np.float64(116.16), 'Barley': np.float64(103.25), 'Groundnut': np.float64(77.44)}","['1. Mustard (116.16%)', '2. Wheat (103.25%)', '3. Barley (103.25%)']"
Gurdaspur,714.8,Punjab,Quadian,Bhindi(Ladies Finger),Other,FAQ,28/10/2025,4200.0,4400.0,4300.0,464.62,,,464.62,"{'Paddy': np.float64(38.72), 'Wheat': np.float64(103.25), 'Maize': np.float64(84.48), 'Cotton': np.float64(66.37), 'Sugarcane': np.float64(30.97), 'Mustard': np.float64(116.16), 'Barley': np.float64(103.25), 'Groundnut': np.float64(77.44)}","['1. Mustard (116.16%)', '2. Wheat (103.25%)', '3. Barley (103.25%)']"
Gurdaspur,714.8,Punjab,Quadian,Cabbage,Other,FAQ,28/10/2025,2100.0,2300.0,2200.0,464.62,,,464.62,"{'Paddy': np.float64(38.72), 'Wheat': np.float64(103.25), 'Maize': np.float64(84.48), 'Cotton': np.float64(66.37), 'Sugarcane': np.float64(30.97), 'Mustard': np.float64(116.16), 'Barley': np.float64(103.25), 'Groundnut': np.float64(77.44)}","['1. Mustard (116.16%)', '2. Wheat (103.25%)', '3. Barley (103.25%)']"
Gurdaspur,714.8,Punjab,Quadian,Capsicum,Other,FAQ,28/10/2025,4900.0,5100.0,5000.0,464.62,,,464.62,"{'Paddy': np.float64(38.72), 'Wheat': np.float64(103.25), 'Maize': np.float64(84.48), 'Cotton': np.float64(66.37), 'Sugarcane': np.float64(30.97), 'Mustard': np.float64(116.16), 'Barley': np.float64(103.25), 'Groundnut': np.float64(77.44)}","['1. Mustard (116.16%)', '2. Wheat (103.25%)', '3. Barley (103.25%)']"
Gurdaspur,714.8,Punjab,Quadian,Ginger(Dry),Other,FAQ,28/10/2025,4900.0,5100.0,5000.0,464.62,,,464.62,"{'Paddy': np.float64(38.72), 'Wheat': np.float64(103.25), 'Maize': np.float64(84.48), 'Cotton': np.float64(66.37), 'Sugarcane': np.float64(30.97), 'Mustard': np.float64(116.16), 'Barley': np.float64(103.25), 'Groundnut': np.float64(77.44)}","['1. Mustard (116.16%)', '2. Wheat (103.25%)', '3. Barley (103.25%)']"
Amritsar,518.4,Punjab,Rayya,Potato,Other,Non-FAQ,28/10/2025,1500.0,1500.0,1500.0,336.96,,,336.96,"{'Paddy': np.float64(28.08), 'Wheat': np.float64(74.88), 'Maize': np.float64(61.27), 'Cotton': np.float64(48.14), 'Sugarcane': np.float64(22.46), 'Mustard': np.float64(84.24), 'Barley': np.float64(74.88), 'Groundnut': np.float64(56.16)}","['1. Mustard (84.24%)', '2. Wheat (74.88%)', '3. Barley (74.88%)']"
Amritsar,518.4,Punjab,Chogawan,Cauliflower,Cauliflower,FAQ,28/10/2025,800.0,1000.0,900.0,336.96,,,336.96,"{'Paddy': np.float64(28.08), 'Wheat': np.float64(74.88), 'Maize': np.float64(61.27), 'Cotton': np.float64(48.14), 'Sugarcane': np.float64(22.46), 'Mustard': np.float64(84.24), 'Barley': np.float64(74.88), 'Groundnut': np.float64(56.16)}","['1. Mustard (84.24%)', '2. Wheat (74.88%)', '3. Barley (74.88%)']"
Amritsar,518.4,Punjab,Rayya,Brinjal,Brinjal,FAQ,28/10/2025,1600.0,1600.0,1600.0,336.96,,,336.96,"{'Paddy': np.float64(28.08), 'Wheat': np.float64(74.88), 'Maize': np.float64(61.27), 'Cotton': np.float64(48.14), 'Sugarcane': np.float64(22.46), 'Mustard': np.float64(84.24), 'Barley': np.float64(74.88), 'Groundnut': np.float64(56.16)}","['1. Mustard (84.24%)', '2. Wheat (74.88%)', '3. Barley (74.88%)']"
Amritsar,518.4,Punjab,Rayya,Cauliflower,Local,FAQ,28/10/2025,3800.0,3800.0,3800.0,336.96,,,336.96,"{'Paddy': np.float64(28.08), 'Wheat': np.float64(74.88), 'Maize': np.float64(61.27), 'Cotton': np.float64(48.14), 'Sugarcane': np.float64(22.46), 'Mustard': np.float64(84.24), 'Barley': np.float64(74.88), 'Groundnut': np.float64(56.16)}","['1. Mustard (84.24%)', '2. Wheat (74.88%)', '3. Barley (74.88%)']"
Amritsar,518.4,Punjab,Rayya,Bhindi(Ladies Finger),Bhindi,FAQ,28/10/2025,2000.0,0.0,2000.0,336.96,,,336.96,"{'Paddy': np.float64(28.08), 'Wheat': np.float64(74.88), 'Maize': np.float64(61.27), 'Cotton': np.float64(48.14), 'Sugarcane': np.float64(22.46), 'Mustard': np.float64(84.24), 'Barley': np.float64(74.88), 'Groundnut': np.float64(56.16)}","['1. Mustard (84.24%)', '2. Wheat (74.88%)', '3. Barley (74.88%)']"
Amritsar,518.4,Punjab,Rayya,Raddish,Other,FAQ,28/10/2025,2600.0,2600.0,2600.0,336.96,,,336.96,"{'Paddy': np.float64(28.08), 'Wheat': np.float64(74.88), 'Maize': np.float64(61.27), 'Cotton': np.float64(48.14), 'Sugarcane': np.float64(22.46), 'Mustard': np.float64(84.24), 'Barley': np.float64(74.88), 'Groundnut': np.float64(56.16)}","['1. Mustard (84.24%)', '2. Wheat (74.88%)', '3. Barley (74.88%)']"
Amritsar,518.4,Punjab,Rayya,Green Chilli,Green Chilly,FAQ,28/10/2025,3000.0,3000.0,3000.0,336.96,,,336.96,"{'Paddy': np.float64(28.08), 'Wheat': np.float64(74.88), 'Maize': np.float64(61.27), 'Cotton': np.float64(48.14), 'Sugarcane': np.float64(22.46), 'Mustard': np.float64(84.24), 'Barley': np.float64(74.88), 'Groundnut': np.float64(56.16)}","['1. Mustard (84.24%)', '2. Wheat (74.88%)', '3. Barley (74.88%)']"
Amritsar,518.4,Punjab,Rayya,Tomato,Hybrid,Non-FAQ,28/10/2025,2500.0,2500.0,2500.0,336.96,,,336.96,"{'Paddy': np.float64(28.08), 'Wheat': np.float64(74.88), 'Maize': np.float64(61.27), 'Cotton': np.float64(48.14), 'Sugarcane': np.float64(22.46), 'Mustard': np.float64(84.24), 'Barley': np.float64(74.88), 'Groundnut': np.float64(56.16)}","['1. Mustard (84.24%)', '2. Wheat (74.88%)', '3. Barley (74.88%)']"
Tarn Taran,401.6,,,,,,,,,,261.04,,,261.04,"{'Paddy': np.float64(21.75), 'Wheat': np.float64(58.01), 'Maize': np.float64(47.46), 'Cotton': np.float64(37.29), 'Sugarcane': np.float64(17.4), 'Mustard': np.float64(65.26), 'Barley': np.float64(58.01), 'Groundnut': np.float64(43.51)}","['1. Mustard (65.26%)', '2. Wheat (58.01%)', '3. Barley (58.01%)']"
Kapurthala,1108.3,,,,,,,,,,720.395,,,720.395,"{'Paddy': np.float64(60.03), 'Wheat': np.float64(150.0), 'Maize': np.float64(130.98), 'Cotton': np.float64(102.91), 'Sugarcane': np.float64(48.03), 'Mustard': np.float64(150.0), 'Barley': np.float64(150.0), 'Groundnut': np.float64(120.07)}","['1. Wheat (150.0%)', '2. Mustard (150.0%)', '3. Barley (150.0%)']"
Jalandhar,828.3,Punjab,Mehatpur,Cauliflower,Other,FAQ,28/10/2025,5000.0,6000.0,5000.0,538.395,,,538.395,"{'Paddy': np.float64(44.87), 'Wheat': np.float64(119.64), 'Maize': np.float64(97.89), 'Cotton': np.float64(76.91), 'Sugarcane': np.float64(35.89), 'Mustard': np.float64(134.6), 'Barley': np.float64(119.64), 'Groundnut': np.float64(89.73)}","['1. Mustard (134.6%)', '2. Wheat (119.64%)', '3. Barley (119.64%)']"
Jalandhar,828.3,Punjab,Mehatpur,Spinach,Other,FAQ,28/10/2025,1500.0,2000.0,2000.0,538.395,,,538.395,"{'Paddy': np.float64(44.87), 'Wheat': np.float64(119.64), 'Maize': np.float64(97.89), 'Cotton': np.float64(76.91), 'Sugarcane': np.float64(35.89), 'Mustard': np.float64(134.6), 'Barley': np.float64(119.64), 'Groundnut': np.float64(89.73)}","['1. Mustard (134.6%)', '2. Wheat (119.64%)', '3. Barley (119.64%)']"
Jalandhar,828.3,Punjab,Mehatpur,Paddy(Dhan)(Common),Other,FAQ,28/10/2025,2389.0,2389.0,2389.0,538.395,,,538.395,"{'Paddy': np.float64(44.87), 'Wheat': np.float64(119.64), 'Maize': np.float64(97.89), 'Cotton': np.float64(76.91), 'Sugarcane': np.float64(35.89), 'Mustard': np.float64(134.6), 'Barley': np.float64(119.64), 'Groundnut': np.float64(89.73)}","['1. Mustard (134.6%)', '2. Wheat (119.64%)', '3. Barley (119.64%)']"
Jalandhar,828.3,Punjab,Mehatpur,Tomato,Deshi,FAQ,28/10/2025,4000.0,4000.0,4000.0,538.395,,,538.395,"{'Paddy': np.float64(44.87), 'Wheat': np.float64(119.64), 'Maize': np.float64(97.89), 'Cotton': np.float64(76.91), 'Sugarcane': np.float64(35.89), 'Mustard': np.float64(134.6), 'Barley': np.float64(119.64), 'Groundnut': np.float64(89.73)}","['1. Mustard (134.6%)', '2. Wheat (119.64%)', '3. Barley (119.64%)']"
Jalandhar,828.3,Punjab,Mehatpur,Green Chilli,Other,FAQ,28/10/2025,5000.0,6000.0,6000.0,538.395,,,538.395,"{'Paddy': np.float64(44.87), 'Wheat': np.float64(119.64), 'Maize': np.float64(97.89), 'Cotton': np.float64(76.91), 'Sugarcane': np.float64(35.89), 'Mustard': np.float64(134.6), 'Barley': np.float64(119.64), 'Groundnut': np.float64(89.73)}","['1. Mustard (134.6%)', '2. Wheat (119.64%)', '3. Barley (119.64%)']"
Jalandhar,828.3,Punjab,Mehatpur,Raddish,Other,FAQ,28/10/2025,1500.0,2000.0,2000.0,538.395,,,538.395,"{'Paddy': np.float64(44.87), 'Wheat': np.float64(119.64), 'Maize': np.float64(97.89), 'Cotton': np.float64(76.91), 'Sugarcane': np.float64(35.89), 'Mustard': np.float64(134.6), 'Barley': np.float64(119.64), 'Groundnut': np.float64(89.73)}","['1. Mustard (134.6%)', '2. Wheat (119.64%)', '3. Barley (119.64%)']"
Sbs Nagar,769.2,,,,,,,,,,499.9800000000001,,,499.9800000000001,"{'Paddy': np.float64(41.67), 'Wheat': np.float64(111.11), 'Maize': np.float64(90.91), 'Cotton': np.float64(71.43), 'Sugarcane': np.float64(33.33), 'Mustard': np.float64(125.0), 'Barley': np.float64(111.11), 'Groundnut': np.float64(83.33)}","['1. Mustard (125.0%)', '2. Wheat (111.11%)', '3. Barley (111.11%)']"
Hoshiarpur,470.3,Punjab,Garh Shankar,Ginger(Green),Green Ginger,FAQ,28/10/2025,5000.0,6500.0,5500.0,305.695,,,305.695,"{'Paddy': np.float64(25.47), 'Wheat': np.float64(67.93), 'Maize': np.float64(55.58), 'Cotton': np.float64(43.67), 'Sugarcane': np.float64(20.38), 'Mustard': np.float64(76.42), 'Barley': np.float64(67.93), 'Groundnut': np.float64(50.95)}","['1. Mustard (76.42%)', '2. Wheat (67.93%)', '3. Barley (67.93%)']"
Hoshiarpur,470.3,Punjab,Garh Shankar,Papaya,Other,Large,28/10/2025,3000.0,4000.0,3500.0,305.695,,,305.695,"{'Paddy': np.float64(25.47), 'Wheat': np.float64(67.93), 'Maize': np.float64(55.58), 'Cotton': np.float64(43.67), 'Sugarcane': np.float64(20.38), 'Mustard': np.float64(76.42), 'Barley': np.float64(67.93), 'Groundnut': np.float64(50.95)}","['1. Mustard (76.42%)', '2. Wheat (67.93%)', '3. Barley (67.93%)']"
Hoshiarpur,470.3,Punjab,Tanda Urmur,Garlic,Other,FAQ,28/10/2025,10000.0,12000.0,11000.0,305.695,,,305.695,"{'Paddy': np.float64(25.47), 'Wheat': np.float64(67.93), 'Maize': np.float64(55.58), 'Cotton': np.float64(43.67), 'Sugarcane': np.float64(20.38), 'Mustard': np.float64(76.42), 'Barley': np.float64(67.93), 'Groundnut': np.float64(50.95)}","['1. Mustard (76.42%)', '2. Wheat (67.93%)', '3. Barley (67.93%)']"
Hoshiarpur,470.3,Punjab,Tanda Urmur,Ginger(Dry),Other,FAQ,28/10/2025,6000.0,7000.0,6500.0,305.695,,,305.695,"{'Paddy': np.float64(25.47), 'Wheat': np.float64(67.93), 'Maize': np.float64(55.58), 'Cotton': np.float64(43.67), 'Sugarcane': np.float64(20.38), 'Mustard': np.float64(76.42), 'Barley': np.float64(67.93), 'Groundnut': np.float64(50.95)}","['1. Mustard (76.42%)', '2. Wheat (67.93%)', '3. Barley (67.93%)']"
Hoshiarpur,470.3,Punjab,Tanda Urmur,Green Chilli,Other,FAQ,28/10/2025,5000.0,6000.0,5500.0,305.695,,,305.695,"{'Paddy': np.float64(25.47), 'Wheat': np.float64(67.93), 'Maize': np.float64(55.58), 'Cotton': np.float64(43.67), 'Sugarcane': np.float64(20.38), 'Mustard': np.float64(76.42), 'Barley': np.float64(67.93), 'Groundnut': np.float64(50.95)}","['1. Mustard (76.42%)', '2. Wheat (67.93%)', '3. Barley (67.93%)']"
Hoshiarpur,470.3,Punjab,Tanda Urmur,Onion,Other,FAQ,28/10/2025,1800.0,2200.0,2000.0,305.695,,,305.695,"{'Paddy': np.float64(25.47), 'Wheat': np.float64(67.93), 'Maize': np.float64(55.58), 'Cotton': np.float64(43.67), 'Sugarcane': np.float64(20.38), 'Mustard': np.float64(76.42), 'Barley': np.float64(67.93), 'Groundnut': np.float64(50.95)}","['1. Mustard (76.42%)', '2. Wheat (67.93%)', '3. Barley (67.93%)']"
Hoshiarpur,470.3,Punjab,Tanda Urmur,Pumpkin,Other,FAQ,28/10/2025,2000.0,3000.0,2500.0,305.695,,,305.695,"{'Paddy': np.float64(25.47), 'Wheat': np.float64(67.93), 'Maize': np.float64(55.58), 'Cotton': np.float64(43.67), 'Sugarcane': np.float64(20.38), 'Mustard': np.float64(76.42), 'Barley': np.float64(67.93), 'Groundnut': np.float64(50.95)}","['1. Mustard (76.42%)', '2. Wheat (67.93%)', '3. Barley (67.93%)']"
Hoshiarpur,470.3,Punjab,Tanda Urmur,Raddish,Other,FAQ,28/10/2025,1500.0,2000.0,1800.0,305.695,,,305.695,"{'Paddy': np.float64(25.47), 'Wheat': np.float64(67.93), 'Maize': np.float64(55.58), 'Cotton': np.float64(43.67), 'Sugarcane': np.float64(20.38), 'Mustard': np.float64(76.42), 'Barley': np.float64(67.93), 'Groundnut': np.float64(50.95)}","['1. Mustard (76.42%)', '2. Wheat (67.93%)', '3. Barley (67.93%)']"
Hoshiarpur,470.3,Punjab,Tanda Urmur,Tomato,Other,FAQ,28/10/2025,2000.0,3000.0,2500.0,305.695,,,305.695,"{'Paddy': np.float64(25.47), 'Wheat': np.float64(67.93), 'Maize': np.float64(55.58), 'Cotton': np.float64(43.67), 'Sugarcane': np.float64(20.38), 'Mustard': np.float64(76.42), 'Barley': np.float64(67.93), 'Groundnut': np.float64(50.95)}","['1. Mustard (76.42%)', '2. Wheat (67.93%)', '3. Barley (67.93%)']"
Hoshiarpur,470.3,Punjab,Garh Shankar,Apple,Other,Medium,28/10/2025,2500.0,5000.0,3500.0,305.695,,,305.695,"{'Paddy': np.float64(25.47), 'Wheat': np.float64(67.93), 'Maize': np.float64(55.58), 'Cotton': np.float64(43.67), 'Sugarcane': np.float64(20.38), 'Mustard': np.float64(76.42), 'Barley': np.float64(67.93), 'Groundnut': np.float64(50.95)}","['1. Mustard (76.42%)', '2. Wheat (67.93%)', '3. Barley (67.93%)']"
Hoshiarpur,470.3,Punjab,Garh Shankar,Cauliflower,Cauliflower,FAQ,28/10/2025,3500.0,4500.0,4000.0,305.695,,,305.695,"{'Paddy': np.float64(25.47), 'Wheat': np.float64(67.93), 'Maize': np.float64(55.58), 'Cotton': np.float64(43.67), 'Sugarcane': np.float64(20.38), 'Mustard': np.float64(76.42), 'Barley': np.float64(67.93), 'Groundnut': np.float64(50.95)}","['1. Mustard (76.42%)', '2. Wheat (67.93%)', '3. Barley (67.93%)']"
Hoshiarpur,470.3,Punjab,Garhshankar(Saila Khurd),Paddy(Dhan)(Common),Other,FAQ,28/10/2025,2389.0,2389.0,2389.0,305.695,,,305.695,"{'Paddy': np.float64(25.47), 'Wheat': np.float64(67.93), 'Maize': np.float64(55.58), 'Cotton': np.float64(43.67), 'Sugarcane': np.float64(20.38), 'Mustard': np.float64(76.42), 'Barley': np.float64(67.93), 'Groundnut': np.float64(50.95)}","['1. Mustard (76.42%)', '2. Wheat (67.93%)', '3. Barley (67.93%)']"
Hoshiarpur,470.3,Punjab,Tanda Urmur,Bhindi(Ladies Finger),Other,FAQ,28/10/2025,4000.0,5000.0,4500.0,305.695,,,305.695,"{'Paddy': np.float64(25.47), 'Wheat': np.float64(67.93), 'Maize': np.float64(55.58), 'Cotton': np.float64(43.67), 'Sugarcane': np.float64(20.38), 'Mustard': np.float64(76.42), 'Barley': np.float64(67.93), 'Groundnut': np.float64(50.95)}","['1. Mustard (76.42%)', '2. Wheat (67.93%)', '3. Barley (67.93%)']"
Hoshiarpur,470.3,Punjab,Tanda Urmur,Yam (Ratalu),Other,FAQ,28/10/2025,6000.0,7000.0,6500.0,305.695,,,305.695,"{'Paddy': np.float64(25.47), 'Wheat': np.float64(67.93), 'Maize': np.float64(55.58), 'Cotton': np.float64(43.67), 'Sugarcane': np.float64(20.38), 'Mustard': np.float64(76.42), 'Barley': np.float64(67.93), 'Groundnut': np.float64(50.95)}","['1. Mustard (76.42%)', '2. Wheat (67.93%)', '3. Barley (67.93%)']"
Hoshiarpur,470.3,Punjab,Garh Shankar,Banana,Medium,Large,28/10/2025,2200.0,3000.0,2500.0,305.695,,,305.695,"{'Paddy': np.float64(25.47), 'Wheat': np.float64(67.93), 'Maize': np.float64(55.58), 'Cotton': np.float64(43.67), 'Sugarcane': np.float64(20.38), 'Mustard': np.float64(76.42), 'Barley': np.float64(67.93), 'Groundnut': np.float64(50.95)}","['1. Mustard (76.42%)', '2. Wheat (67.93%)', '3. Barley (67.93%)']"
Hoshiarpur,470.3,Punjab,Garh Shankar,Bhindi(Ladies Finger),Bhindi,FAQ,28/10/2025,3000.0,4000.0,3500.0,305.695,,,305.695,"{'Paddy': np.float64(25.47), 'Wheat': np.float64(67.93), 'Maize': np.float64(55.58), 'Cotton': np.float64(43.67), 'Sugarcane': np.float64(20.38), 'Mustard': np.float64(76.42), 'Barley': np.float64(67.93), 'Groundnut': np.float64(50.95)}","['1. Mustard (76.42%)', '2. Wheat (67.93%)', '3. Barley (67.93%)']"
Hoshiarpur,470.3,Punjab,Garh Shankar,Brinjal,Brinjal,FAQ,28/10/2025,1200.0,2000.0,1500.0,305.695,,,305.695,"{'Paddy': np.float64(25.47), 'Wheat': np.float64(67.93), 'Maize': np.float64(55.58), 'Cotton': np.float64(43.67), 'Sugarcane': np.float64(20.38), 'Mustard': np.float64(76.42), 'Barley': np.float64(67.93), 'Groundnut': np.float64(50.95)}","['1. Mustard (76.42%)', '2. Wheat (67.93%)', '3. Barley (67.93%)']"
Hoshiarpur,470.3,Punjab,Garh Shankar,Cucumbar(Kheera),Cucumbar,FAQ,28/10/2025,2000.0,3500.0,2500.0,305.695,,,305.695,"{'Paddy': np.float64(25.47), 'Wheat': np.float64(67.93), 'Maize': np.float64(55.58), 'Cotton': np.float64(43.67), 'Sugarcane': np.float64(20.38), 'Mustard': np.float64(76.42), 'Barley': np.float64(67.93), 'Groundnut': np.float64(50.95)}","['1. Mustard (76.42%)', '2. Wheat (67.93%)', '3. Barley (67.93%)']"
Hoshiarpur,470.3,Punjab,Garh Shankar,Garlic,Average,FAQ,28/10/2025,4000.0,5000.0,4500.0,305.695,,,305.695,"{'Paddy': np.float64(25.47), 'Wheat': np.float64(67.93), 'Maize': np.float64(55.58), 'Cotton': np.float64(43.67), 'Sugarcane': np.float64(20.38), 'Mustard': np.float64(76.42), 'Barley': np.float64(67.93), 'Groundnut': np.float64(50.95)}","['1. Mustard (76.42%)', '2. Wheat (67.93%)', '3. Barley (67.93%)']"
Hoshiarpur,470.3,Punjab,Garh Shankar,Green Chilli,Green Chilly,FAQ,28/10/2025,2500.0,3500.0,3000.0,305.695,,,305.695,"{'Paddy': np.float64(25.47), 'Wheat': np.float64(67.93), 'Maize': np.float64(55.58), 'Cotton': np.float64(43.67), 'Sugarcane': np.float64(20.38), 'Mustard': np.float64(76.42), 'Barley': np.float64(67.93), 'Groundnut': np.float64(50.95)}","['1. Mustard (76.42%)', '2. Wheat (67.93%)', '3. Barley (67.93%)']"
Hoshiarpur,470.3,Punjab,Garh Shankar,Paddy(Dhan)(Common),A. Ponni,Non-FAQ,28/10/2025,2389.0,2389.0,2389.0,305.695,,,305.695,"{'Paddy': np.float64(25.47), 'Wheat': np.float64(67.93), 'Maize': np.float64(55.58), 'Cotton': np.float64(43.67), 'Sugarcane': np.float64(20.38), 'Mustard': np.float64(76.42), 'Barley': np.float64(67.93), 'Groundnut': np.float64(50.95)}","['1. Mustard (76.42%)', '2. Wheat (67.93%)', '3. Barley (67.93%)']"
Hoshiarpur,470.3,Punjab,Garh Shankar,Tomato,Deshi,Non-FAQ,28/10/2025,2000.0,2500.0,2300.0,305.695,,,305.695,"{'Paddy': np.float64(25.47), 'Wheat': np.float64(67.93), 'Maize': np.float64(55.58), 'Cotton': np.float64(43.67), 'Sugarcane': np.float64(20.38), 'Mustard': np.float64(76.42), 'Barley': np.float64(67.93), 'Groundnut': np.float64(50.95)}","['1. Mustard (76.42%)', '2. Wheat (67.93%)', '3. Barley (67.93%)']"
Hoshiarpur,470.3,Punjab,GarhShankar (Kotfatuhi),Banana,Other,Large,28/10/2025,2500.0,3000.0,2700.0,305.695,,,305.695,"{'Paddy': np.float64(25.47), 'Wheat': np.float64(67.93), 'Maize': np.float64(55.58), 'Cotton': np.float64(43.67), 'Sugarcane': np.float64(20.38), 'Mustard': np.float64(76.42), 'Barley': np.float64(67.93), 'Groundnut': np.float64(50.95)}","['1. Mustard (76.42%)', '2. Wheat (67.93%)', '3. Barley (67.93%)']"
Hoshiarpur,470.3,Punjab,Tanda Urmur,Apple,Other,Medium,28/10/2025,6000.0,7000.0,6500.0,305.695,,,305.695,"{'Paddy': np.float64(25.47), 'Wheat': np.float64(67.93), 'Maize': np.float64(55.58), 'Cotton': np.float64(43.67), 'Sugarcane': np.float64(20.38), 'Mustard': np.float64(76.42), 'Barley': np.float64(67.93), 'Groundnut': np.float64(50.95)}","['1. Mustard (76.42%)', '2. Wheat (67.93%)', '3. Barley (67.93%)']"
Hoshiarpur,470.3,Punjab,Tanda Urmur,Cabbage,Other,FAQ,28/10/2025,3000.0,4000.0,3500.0,305.695,,,305.695,"{'Paddy': np.float64(25.47), 'Wheat': np.float64(67.93), 'Maize': np.float64(55.58), 'Cotton': np.float64(43.67), 'Sugarcane': np.float64(20.38), 'Mustard': np.float64(76.42), 'Barley': np.float64(67.93), 'Groundnut': np.float64(50.95)}","['1. Mustard (76.42%)', '2. Wheat (67.93%)', '3. Barley (67.93%)']"
Hoshiarpur,470.3,Punjab,Tanda Urmur,Capsicum,Other,FAQ,28/10/2025,6000.0,7000.0,6500.0,305.695,,,305.695,"{'Paddy': np.float64(25.47), 'Wheat': np.float64(67.93), 'Maize': np.float64(55.58), 'Cotton': np.float64(43.67), 'Sugarcane': np.float64(20.38), 'Mustard': np.float64(76.42), 'Barley': np.float64(67.93), 'Groundnut': np.float64(50.95)}","['1. Mustard (76.42%)', '2. Wheat (67.93%)', '3. Barley (67.93%)']"
Hoshiarpur,470.3,Punjab,Tanda Urmur,Potato,Other,FAQ,28/10/2025,1100.0,1300.0,1200.0,305.695,,,305.695,"{'Paddy': np.float64(25.47), 'Wheat': np.float64(67.93), 'Maize': np.float64(55.58), 'Cotton': np.float64(43.67), 'Sugarcane': np.float64(20.38), 'Mustard': np.float64(76.42), 'Barley': np.float64(67.93), 'Groundnut': np.float64(50.95)}","['1. Mustard (76.42%)', '2. Wheat (67.93%)', '3. Barley (67.93%)']"
Hoshiarpur,470.3,Punjab,Garh Shankar,Field Pea,Field Pea,FAQ,28/10/2025,9000.0,11000.0,10000.0,305.695,,,305.695,"{'Paddy': np.float64(25.47), 'Wheat': np.float64(67.93), 'Maize': np.float64(55.58), 'Cotton': np.float64(43.67), 'Sugarcane': np.float64(20.38), 'Mustard': np.float64(76.42), 'Barley': np.float64(67.93), 'Groundnut': np.float64(50.95)}","['1. Mustard (76.42%)', '2. Wheat (67.93%)', '3. Barley (67.93%)']"
Hoshiarpur,470.3,Punjab,Garh Shankar,Onion,Other,FAQ,28/10/2025,1000.0,1300.0,1100.0,305.695,,,305.695,"{'Paddy': np.float64(25.47), 'Wheat': np.float64(67.93), 'Maize': np.float64(55.58), 'Cotton': np.float64(43.67), 'Sugarcane': np.float64(20.38), 'Mustard': np.float64(76.42), 'Barley': np.float64(67.93), 'Groundnut': np.float64(50.95)}","['1. Mustard (76.42%)', '2. Wheat (67.93%)', '3. Barley (67.93%)']"
Hoshiarpur,470.3,Punjab,Garh Shankar,Spinach,Other,FAQ,28/10/2025,1000.0,1700.0,1500.0,305.695,,,305.695,"{'Paddy': np.float64(25.47), 'Wheat': np.float64(67.93), 'Maize': np.float64(55.58), 'Cotton': np.float64(43.67), 'Sugarcane': np.float64(20.38), 'Mustard': np.float64(76.42), 'Barley': np.float64(67.93), 'Groundnut': np.float64(50.95)}","['1. Mustard (76.42%)', '2. Wheat (67.93%)', '3. Barley (67.93%)']"
Hoshiarpur,470.3,Punjab,GarhShankar (Kotfatuhi),Green Chilli,Other,FAQ,28/10/2025,2500.0,3500.0,3000.0,305.695,,,305.695,"{'Paddy': np.float64(25.47), 'Wheat': np.float64(67.93), 'Maize': np.float64(55.58), 'Cotton': np.float64(43.67), 'Sugarcane': np.float64(20.38), 'Mustard': np.float64(76.42), 'Barley': np.float64(67.93), 'Groundnut': np.float64(50.95)}","['1. Mustard (76.42%)', '2. Wheat (67.93%)', '3. Barley (67.93%)']"
Hoshiarpur,470.3,Punjab,GarhShankar (Kotfatuhi),Potato,Other,FAQ,28/10/2025,900.0,1200.0,1000.0,305.695,,,305.695,"{'Paddy': np.float64(25.47), 'Wheat': np.float64(67.93), 'Maize': np.float64(55.58), 'Cotton': np.float64(43.67), 'Sugarcane': np.float64(20.38), 'Mustard': np.float64(76.42), 'Barley': np.float64(67.93), 'Groundnut': np.float64(50.95)}","['1. Mustard (76.42%)', '2. Wheat (67.93%)', '3. Barley (67.93%)']"
Hoshiarpur,470.3,Punjab,Tanda Urmur,Cauliflower,Other,FAQ,28/10/2025,6000.0,7000.0,6500.0,305.695,,,305.695,"{'Paddy': np.float64(25.47), 'Wheat': np.float64(67.93), 'Maize': np.float64(55.58), 'Cotton': np.float64(43.67), 'Sugarcane': np.float64(20.38), 'Mustard': np.float64(76.42), 'Barley': np.float64(67.93), 'Groundnut': np.float64(50.95)}","['1. Mustard (76.42%)', '2. Wheat (67.93%)', '3. Barley (67.93%)']"
Hoshiarpur,470.3,Punjab,Tanda Urmur,Field Pea,Other,FAQ,28/10/2025,12000.0,14000.0,13000.0,305.695,,,305.695,"{'Paddy': np.float64(25.47), 'Wheat': np.float64(67.93), 'Maize': np.float64(55.58), 'Cotton': np.float64(43.67), 'Sugarcane': np.float64(20.38), 'Mustard': np.float64(76.42), 'Barley': np.float64(67.93), 'Groundnut': np.float64(50.95)}","['1. Mustard (76.42%)', '2. Wheat (67.93%)', '3. Barley (67.93%)']"
Hoshiarpur,470.3,Punjab,Tanda Urmur,Papaya,Other,Medium,28/10/2025,4000.0,5000.0,4500.0,305.695,,,305.695,"{'Paddy': np.float64(25.47), 'Wheat': np.float64(67.93), 'Maize': np.float64(55.58), 'Cotton': np.float64(43.67), 'Sugarcane': np.float64(20.38), 'Mustard': np.float64(76.42), 'Barley': np.float64(67.93), 'Groundnut': np.float64(50.95)}","['1. Mustard (76.42%)', '2. Wheat (67.93%)', '3. Barley (67.93%)']"
Hoshiarpur,470.3,Punjab,Tanda Urmur,Pineapple,Other,Medium,28/10/2025,4000.0,5000.0,4500.0,305.695,,,305.695,"{'Paddy': np.float64(25.47), 'Wheat': np.float64(67.93), 'Maize': np.float64(55.58), 'Cotton': np.float64(43.67), 'Sugarcane': np.float64(20.38), 'Mustard': np.float64(76.42), 'Barley': np.float64(67.93), 'Groundnut': np.float64(50.95)}","['1. Mustard (76.42%)', '2. Wheat (67.93%)', '3. Barley (67.93%)']"
Hoshiarpur,470.3,Punjab,Garh Shankar,Cabbage,Cabbage,FAQ,28/10/2025,1700.0,2500.0,2000.0,305.695,,,305.695,"{'Paddy': np.float64(25.47), 'Wheat': np.float64(67.93), 'Maize': np.float64(55.58), 'Cotton': np.float64(43.67), 'Sugarcane': np.float64(20.38), 'Mustard': np.float64(76.42), 'Barley': np.float64(67.93), 'Groundnut': np.float64(50.95)}","['1. Mustard (76.42%)', '2. Wheat (67.93%)', '3. Barley (67.93%)']"
Hoshiarpur,470.3,Punjab,Garh Shankar,Capsicum,Capsicum,FAQ,28/10/2025,4000.0,6000.0,5000.0,305.695,,,305.695,"{'Paddy': np.float64(25.47), 'Wheat': np.float64(67.93), 'Maize': np.float64(55.58), 'Cotton': np.float64(43.67), 'Sugarcane': np.float64(20.38), 'Mustard': np.float64(76.42), 'Barley': np.float64(67.93), 'Groundnut': np.float64(50.95)}","['1. Mustard (76.42%)', '2. Wheat (67.93%)', '3. Barley (67.93%)']"
Hoshiarpur,470.3,Punjab,Garh Shankar,Carrot,Carrot,FAQ,28/10/2025,2000.0,3000.0,2500.0,305.695,,,305.695,"{'Paddy': np.float64(25.47), 'Wheat': np.float64(67.93), 'Maize': np.float64(55.58), 'Cotton': np.float64(43.67), 'Sugarcane': np.float64(20.38), 'Mustard': np.float64(76.42), 'Barley': np.float64(67.93), 'Groundnut': np.float64(50.95)}","['1. Mustard (76.42%)', '2. Wheat (67.93%)', '3. Barley (67.93%)']"
Hoshiarpur,470.3,Punjab,Garh Shankar,Elephant Yam (Suran),Elephant Yam (Suran),FAQ,28/10/2025,4000.0,5000.0,4500.0,305.695,,,305.695,"{'Paddy': np.float64(25.47), 'Wheat': np.float64(67.93), 'Maize': np.float64(55.58), 'Cotton': np.float64(43.67), 'Sugarcane': np.float64(20.38), 'Mustard': np.float64(76.42), 'Barley': np.float64(67.93), 'Groundnut': np.float64(50.95)}","['1. Mustard (76.42%)', '2. Wheat (67.93%)', '3. Barley (67.93%)']"
Hoshiarpur,470.3,Punjab,Garh Shankar,Potato,Other,Non-FAQ,28/10/2025,900.0,1100.0,1000.0,305.695,,,305.695,"{'Paddy': np.float64(25.47), 'Wheat': np.float64(67.93), 'Maize': np.float64(55.58), 'Cotton': np.float64(43.67), 'Sugarcane': np.float64(20.38), 'Mustard': np.float64(76.42), 'Barley': np.float64(67.93), 'Groundnut': np.float64(50.95)}","['1. Mustard (76.42%)', '2. Wheat (67.93%)', '3. Barley (67.93%)']"
Hoshiarpur,470.3,Punjab,Garh Shankar,Raddish,Raddish,FAQ,28/10/2025,1000.0,1500.0,1300.0,305.695,,,305.695,"{'Paddy': np.float64(25.47), 'Wheat': np.float64(67.93), 'Maize': np.float64(55.58), 'Cotton': np.float64(43.67), 'Sugarcane': np.float64(20.38), 'Mustard': np.float64(76.42), 'Barley': np.float64(67.93), 'Groundnut': np.float64(50.95)}","['1. Mustard (76.42%)', '2. Wheat (67.93%)', '3. Barley (67.93%)']"
Hoshiarpur,470.3,Punjab,GarhShankar (Kotfatuhi),Onion,Other,FAQ,28/10/2025,1000.0,1300.0,1200.0,305.695,,,305.695,"{'Paddy': np.float64(25.47), 'Wheat': np.float64(67.93), 'Maize': np.float64(55.58), 'Cotton': np.float64(43.67), 'Sugarcane': np.float64(20.38), 'Mustard': np.float64(76.42), 'Barley': np.float64(67.93), 'Groundnut': np.float64(50.95)}","['1. Mustard (76.42%)', '2. Wheat (67.93%)', '3. Barley (67.93%)']"
Hoshiarpur,470.3,Punjab,GarhShankar (Kotfatuhi),Paddy(Dhan)(Common),Paddy,FAQ,28/10/2025,2389.0,2389.0,2389.0,305.695,,,305.695,"{'Paddy': np.float64(25.47), 'Wheat': np.float64(67.93), 'Maize': np.float64(55.58), 'Cotton': np.float64(43.67), 'Sugarcane': np.float64(20.38), 'Mustard': np.float64(76.42), 'Barley': np.float64(67.93), 'Groundnut': np.float64(50.95)}","['1. Mustard (76.42%)', '2. Wheat (67.93%)', '3. Barley (67.93%)']"
Hoshiarpur,470.3,Punjab,GarhShankar (Kotfatuhi),Tomato,Other,FAQ,28/10/2025,2000.0,3000.0,2500.0,305.695,,,305.695,"{'Paddy': np.float64(25.47), 'Wheat': np.float64(67.93), 'Maize': np.float64(55.58), 'Cotton': np.float64(43.67), 'Sugarcane': np.float64(20.38), 'Mustard': np.float64(76.42), 'Barley': np.float64(67.93), 'Groundnut': np.float64(50.95)}","['1. Mustard (76.42%)', '2. Wheat (67.93%)', '3. Barley (67.93%)']"
Hoshiarpur,470.3,Punjab,Tanda Urmur,Bitter gourd,Other,FAQ,28/10/2025,4000.0,5000.0,4500.0,305.695,,,305.695,"{'Paddy': np.float64(25.47), 'Wheat': np.float64(67.93), 'Maize': np.float64(55.58), 'Cotton': np.float64(43.67), 'Sugarcane': np.float64(20.38), 'Mustard': np.float64(76.42), 'Barley': np.float64(67.93), 'Groundnut': np.float64(50.95)}","['1. Mustard (76.42%)', '2. Wheat (67.93%)', '3. Barley (67.93%)']"
Hoshiarpur,470.3,Punjab,Tanda Urmur,Brinjal,Other,FAQ,28/10/2025,2500.0,3000.0,2800.0,305.695,,,305.695,"{'Paddy': np.float64(25.47), 'Wheat': np.float64(67.93), 'Maize': np.float64(55.58), 'Cotton': np.float64(43.67), 'Sugarcane': np.float64(20.38), 'Mustard': np.float64(76.42), 'Barley': np.float64(67.93), 'Groundnut': np.float64(50.95)}","['1. Mustard (76.42%)', '2. Wheat (67.93%)', '3. Barley (67.93%)']"
Hoshiarpur,470.3,Punjab,Tanda Urmur,Cucumbar(Kheera),Other,FAQ,28/10/2025,4000.0,5000.0,4500.0,305.695,,,305.695,"{'Paddy': np.float64(25.47), 'Wheat': np.float64(67.93), 'Maize': np.float64(55.58), 'Cotton': np.float64(43.67), 'Sugarcane': np.float64(20.38), 'Mustard': np.float64(76.42), 'Barley': np.float64(67.93), 'Groundnut': np.float64(50.95)}","['1. Mustard (76.42%)', '2. Wheat (67.93%)', '3. Barley (67.93%)']"
Hoshiarpur,470.3,Punjab,Tanda Urmur,Lemon,Other,FAQ,28/10/2025,4000.0,5000.0,4500.0,305.695,,,305.695,"{'Paddy': np.float64(25.47), 'Wheat': np.float64(67.93), 'Maize': np.float64(55.58), 'Cotton': np.float64(43.67), 'Sugarcane': np.float64(20.38), 'Mustard': np.float64(76.42), 'Barley': np.float64(67.93), 'Groundnut': np.float64(50.95)}","['1. Mustard (76.42%)', '2. Wheat (67.93%)', '3. Barley (67.93%)']"
Rupnagar,758.3,,,,,,,,,,492.895,,,492.895,"{'Paddy': np.float64(41.07), 'Wheat': np.float64(109.53), 'Maize': np.float64(89.62), 'Cotton': np.float64(70.41), 'Sugarcane': np.float64(32.86), 'Mustard': np.float64(123.22), 'Barley': np.float64(109.53), 'Groundnut': np.float64(82.15)}","['1. Mustard (123.22%)', '2. Wheat (109.53%)', '3. Barley (109.53%)']"
Sas Nagar,492.1,,,,,,,,,,319.865,,,319.865,"{'Paddy': np.float64(26.66), 'Wheat': np.float64(71.08), 'Maize': np.float64(58.16), 'Cotton': np.float64(45.7), 'Sugarcane': np.float64(21.32), 'Mustard': np.float64(79.97), 'Barley': np.float64(71.08), 'Groundnut': np.float64(53.31)}","['1. Mustard (79.97%)', '2. Wheat (71.08%)', '3. Barley (71.08%)']"
Ludhiana,725.5,Punjab,Doraha,Coriander(Leaves),Coriander,FAQ,28/10/2025,400.0,400.0,400.0,471.575,,,471.575,"{'Paddy': np.float64(39.3), 'Wheat': np.float64(104.79), 'Maize': np.float64(85.74), 'Cotton': np.float64(67.37), 'Sugarcane': np.float64(31.44), 'Mustard': np.float64(117.89), 'Barley': np.float64(104.79), 'Groundnut': np.float64(78.6)}","['1. Mustard (117.89%)', '2. Wheat (104.79%)', '3. Barley (104.79%)']"
Ludhiana,725.5,Punjab,Ludhiana,Apple,Other,Medium,28/10/2025,2500.0,6000.0,3000.0,471.575,,,471.575,"{'Paddy': np.float64(39.3), 'Wheat': np.float64(104.79), 'Maize': np.float64(85.74), 'Cotton': np.float64(67.37), 'Sugarcane': np.float64(31.44), 'Mustard': np.float64(117.89), 'Barley': np.float64(104.79), 'Groundnut': np.float64(78.6)}","['1. Mustard (117.89%)', '2. Wheat (104.79%)', '3. Barley (104.79%)']"
Ludhiana,725.5,Punjab,Ludhiana,Cucumbar(Kheera),Other,FAQ,28/10/2025,300.0,2000.0,1200.0,471.575,,,471.575,"{'Paddy': np.float64(39.3), 'Wheat': np.float64(104.79), 'Maize': np.float64(85.74), 'Cotton': np.float64(67.37), 'Sugarcane': np.float64(31.44), 'Mustard': np.float64(117.89), 'Barley': np.float64(104.79), 'Groundnut': np.float64(78.6)}","['1. Mustard (117.89%)', '2. Wheat (104.79%)', '3. Barley (104.79%)']"
Ludhiana,725.5,Punjab,Ludhiana,Potato,Other,FAQ,28/10/2025,400.0,1100.0,600.0,471.575,,,471.575,"{'Paddy': np.float64(39.3), 'Wheat': np.float64(104.79), 'Maize': np.float64(85.74), 'Cotton': np.float64(67.37), 'Sugarcane': np.float64(31.44), 'Mustard': np.float64(117.89), 'Barley': np.float64(104.79), 'Groundnut': np.float64(78.6)}","['1. Mustard (117.89%)', '2. Wheat (104.79%)', '3. Barley (104.79%)']"
Ludhiana,725.5,Punjab,Ludhiana,Ridgeguard(Tori),Other,FAQ,28/10/2025,500.0,2500.0,1800.0,471.575,,,471.575,"{'Paddy': np.float64(39.3), 'Wheat': np.float64(104.79), 'Maize': np.float64(85.74), 'Cotton': np.float64(67.37), 'Sugarcane': np.float64(31.44), 'Mustard': np.float64(117.89), 'Barley': np.float64(104.79), 'Groundnut': np.float64(78.6)}","['1. Mustard (117.89%)', '2. Wheat (104.79%)', '3. Barley (104.79%)']"
Ludhiana,725.5,Punjab,Ludhiana,Water Melon,Other,Medium,28/10/2025,500.0,1500.0,1000.0,471.575,,,471.575,"{'Paddy': np.float64(39.3), 'Wheat': np.float64(104.79), 'Maize': np.float64(85.74), 'Cotton': np.float64(67.37), 'Sugarcane': np.float64(31.44), 'Mustard': np.float64(117.89), 'Barley': np.float64(104.79), 'Groundnut': np.float64(78.6)}","['1. Mustard (117.89%)', '2. Wheat (104.79%)', '3. Barley (104.79%)']"
Ludhiana,725.5,Punjab,Ludhiana(Mandi gill Road),Paddy(Dhan)(Common),Other,FAQ,28/10/2025,2389.0,2389.0,2389.0,471.575,,,471.575,"{'Paddy': np.float64(39.3), 'Wheat': np.float64(104.79), 'Maize': np.float64(85.74), 'Cotton': np.float64(67.37), 'Sugarcane': np.float64(31.44), 'Mustard': np.float64(117.89), 'Barley': np.float64(104.79), 'Groundnut': np.float64(78.6)}","['1. Mustard (117.89%)', '2. Wheat (104.79%)', '3. Barley (104.79%)']"
Ludhiana,725.5,Punjab,Doraha,Tomato,Other,FAQ,28/10/2025,2250.0,2250.0,2250.0,471.575,,,471.575,"{'Paddy': np.float64(39.3), 'Wheat': np.float64(104.79), 'Maize': np.float64(85.74), 'Cotton': np.float64(67.37), 'Sugarcane': np.float64(31.44), 'Mustard': np.float64(117.89), 'Barley': np.float64(104.79), 'Groundnut': np.float64(78.6)}","['1. Mustard (117.89%)', '2. Wheat (104.79%)', '3. Barley (104.79%)']"
Ludhiana,725.5,Punjab,Ludhiana,Capsicum,Other,FAQ,28/10/2025,2500.0,3800.0,3000.0,471.575,,,471.575,"{'Paddy': np.float64(39.3), 'Wheat': np.float64(104.79), 'Maize': np.float64(85.74), 'Cotton': np.float64(67.37), 'Sugarcane': np.float64(31.44), 'Mustard': np.float64(117.89), 'Barley': np.float64(104.79), 'Groundnut': np.float64(78.6)}","['1. Mustard (117.89%)', '2. Wheat (104.79%)', '3. Barley (104.79%)']"
Ludhiana,725.5,Punjab,Ludhiana,Ginger(Dry),Other,FAQ,28/10/2025,2500.0,3500.0,3000.0,471.575,,,471.575,"{'Paddy': np.float64(39.3), 'Wheat': np.float64(104.79), 'Maize': np.float64(85.74), 'Cotton': np.float64(67.37), 'Sugarcane': np.float64(31.44), 'Mustard': np.float64(117.89), 'Barley': np.float64(104.79), 'Groundnut': np.float64(78.6)}","['1. Mustard (117.89%)', '2. Wheat (104.79%)', '3. Barley (104.79%)']"
Ludhiana,725.5,Punjab,Ludhiana,Tomato,Other,FAQ,28/10/2025,1200.0,3200.0,2000.0,471.575,,,471.575,"{'Paddy': np.float64(39.3), 'Wheat': np.float64(104.79), 'Maize': np.float64(85.74), 'Cotton': np.float64(67.37), 'Sugarcane': np.float64(31.44), 'Mustard': np.float64(117.89), 'Barley': np.float64(104.79), 'Groundnut': np.float64(78.6)}","['1. Mustard (117.89%)', '2. Wheat (104.79%)', '3. Barley (104.79%)']"
Ludhiana,725.5,Punjab,Doraha,Cucumbar(Kheera),Cucumbar,FAQ,28/10/2025,2200.0,2200.0,2200.0,471.575,,,471.575,"{'Paddy': np.float64(39.3), 'Wheat': np.float64(104.79), 'Maize': np.float64(85.74), 'Cotton': np.float64(67.37), 'Sugarcane': np.float64(31.44), 'Mustard': np.float64(117.89), 'Barley': np.float64(104.79), 'Groundnut': np.float64(78.6)}","['1. Mustard (117.89%)', '2. Wheat (104.79%)', '3. Barley (104.79%)']"
Ludhiana,725.5,Punjab,Ludhiana,Bottle gourd,Other,FAQ,28/10/2025,300.0,1100.0,800.0,471.575,,,471.575,"{'Paddy': np.float64(39.3), 'Wheat': np.float64(104.79), 'Maize': np.float64(85.74), 'Cotton': np.float64(67.37), 'Sugarcane': np.float64(31.44), 'Mustard': np.float64(117.89), 'Barley': np.float64(104.79), 'Groundnut': np.float64(78.6)}","['1. Mustard (117.89%)', '2. Wheat (104.79%)', '3. Barley (104.79%)']"
Ludhiana,725.5,Punjab,Ludhiana,Brinjal,Other,FAQ,28/10/2025,800.0,1500.0,1200.0,471.575,,,471.575,"{'Paddy': np.float64(39.3), 'Wheat': np.float64(104.79), 'Maize': np.float64(85.74), 'Cotton': np.float64(67.37), 'Sugarcane': np.float64(31.44), 'Mustard': np.float64(117.89), 'Barley': np.float64(104.79), 'Groundnut': np.float64(78.6)}","['1. Mustard (117.89%)', '2. Wheat (104.79%)', '3. Barley (104.79%)']"
Ludhiana,725.5,Punjab,Ludhiana,Green Chilli,Other,FAQ,28/10/2025,2300.0,3000.0,2600.0,471.575,,,471.575,"{'Paddy': np.float64(39.3), 'Wheat': np.float64(104.79), 'Maize': np.float64(85.74), 'Cotton': np.float64(67.37), 'Sugarcane': np.float64(31.44), 'Mustard': np.float64(117.89), 'Barley': np.float64(104.79), 'Groundnut': np.float64(78.6)}","['1. Mustard (117.89%)', '2. Wheat (104.79%)', '3. Barley (104.79%)']"
Ludhiana,725.5,Punjab,Ludhiana,Guava,Other,Medium,28/10/2025,1000.0,2500.0,1500.0,471.575,,,471.575,"{'Paddy': np.float64(39.3), 'Wheat': np.float64(104.79), 'Maize': np.float64(85.74), 'Cotton': np.float64(67.37), 'Sugarcane': np.float64(31.44), 'Mustard': np.float64(117.89), 'Barley': np.float64(104.79), 'Groundnut': np.float64(78.6)}","['1. Mustard (117.89%)', '2. Wheat (104.79%)', '3. Barley (104.79%)']"
Ludhiana,725.5,Punjab,Ludhiana,Kinnow,Other,Medium,28/10/2025,1000.0,2500.0,1500.0,471.575,,,471.575,"{'Paddy': np.float64(39.3), 'Wheat': np.float64(104.79), 'Maize': np.float64(85.74), 'Cotton': np.float64(67.37), 'Sugarcane': np.float64(31.44), 'Mustard': np.float64(117.89), 'Barley': np.float64(104.79), 'Groundnut': np.float64(78.6)}","['1. Mustard (117.89%)', '2. Wheat (104.79%)', '3. Barley (104.79%)']"
Ludhiana,725.5,Punjab,Ludhiana,Onion,Other,FAQ,28/10/2025,400.0,1300.0,1000.0,471.575,,,471.575,"{'Paddy': np.float64(39.3), 'Wheat': np.float64(104.79), 'Maize': np.float64(85.74), 'Cotton': np.float64(67.37), 'Sugarcane': np.float64(31.44), 'Mustard': np.float64(117.89), 'Barley': np.float64(104.79), 'Groundnut': np.float64(78.6)}","['1. Mustard (117.89%)', '2. Wheat (104.79%)', '3. Barley (104.79%)']"
Ludhiana,725.5,Punjab,Ludhiana,Pumpkin,Other,FAQ,28/10/2025,500.0,1000.0,800.0,471.575,,,471.575,"{'Paddy': np.float64(39.3), 'Wheat': np.float64(104.79), 'Maize': np.float64(85.74), 'Cotton': np.float64(67.37), 'Sugarcane': np.float64(31.44), 'Mustard': np.float64(117.89), 'Barley': np.float64(104.79), 'Groundnut': np.float64(78.6)}","['1. Mustard (117.89%)', '2. Wheat (104.79%)', '3. Barley (104.79%)']"
Ludhiana,725.5,Punjab,Ludhiana,Raddish,Other,FAQ,28/10/2025,800.0,1200.0,1000.0,471.575,,,471.575,"{'Paddy': np.float64(39.3), 'Wheat': np.float64(104.79), 'Maize': np.float64(85.74), 'Cotton': np.float64(67.37), 'Sugarcane': np.float64(31.44), 'Mustard': np.float64(117.89), 'Barley': np.float64(104.79), 'Groundnut': np.float64(78.6)}","['1. Mustard (117.89%)', '2. Wheat (104.79%)', '3. Barley (104.79%)']"
Ludhiana,725.5,Punjab,Ludhiana(Salem Tabri),Paddy(Dhan)(Common),Other,FAQ,28/10/2025,2389.0,2389.0,2389.0,471.575,,,471.575,"{'Paddy': np.float64(39.3), 'Wheat': np.float64(104.79), 'Maize': np.float64(85.74), 'Cotton': np.float64(67.37), 'Sugarcane': np.float64(31.44), 'Mustard': np.float64(117.89), 'Barley': np.float64(104.79), 'Groundnut': np.float64(78.6)}","['1. Mustard (117.89%)', '2. Wheat (104.79%)', '3. Barley (104.79%)']"
Ludhiana,725.5,Punjab,Doraha,Carrot,Other,FAQ,28/10/2025,300.0,3000.0,300.0,471.575,,,471.575,"{'Paddy': np.float64(39.3), 'Wheat': np.float64(104.79), 'Maize': np.float64(85.74), 'Cotton': np.float64(67.37), 'Sugarcane': np.float64(31.44), 'Mustard': np.float64(117.89), 'Barley': np.float64(104.79), 'Groundnut': np.float64(78.6)}","['1. Mustard (117.89%)', '2. Wheat (104.79%)', '3. Barley (104.79%)']"
Ludhiana,725.5,Punjab,Doraha,Raddish,Raddish,FAQ,28/10/2025,150.0,1500.0,1500.0,471.575,,,471.575,"{'Paddy': np.float64(39.3), 'Wheat': np.float64(104.79), 'Maize': np.float64(85.74), 'Cotton': np.float64(67.37), 'Sugarcane': np.float64(31.44), 'Mustard': np.float64(117.89), 'Barley': np.float64(104.79), 'Groundnut': np.float64(78.6)}","['1. Mustard (117.89%)', '2. Wheat (104.79%)', '3. Barley (104.79%)']"
Ludhiana,725.5,Punjab,Doraha,Sponge gourd,Other,FAQ,28/10/2025,1500.0,1500.0,1500.0,471.575,,,471.575,"{'Paddy': np.float64(39.3), 'Wheat': np.float64(104.79), 'Maize': np.float64(85.74), 'Cotton': np.float64(67.37), 'Sugarcane': np.float64(31.44), 'Mustard': np.float64(117.89), 'Barley': np.float64(104.79), 'Groundnut': np.float64(78.6)}","['1. Mustard (117.89%)', '2. Wheat (104.79%)', '3. Barley (104.79%)']"
Ludhiana,725.5,Punjab,Ludhiana,Beetroot,Other,FAQ,28/10/2025,1000.0,1800.0,1300.0,471.575,,,471.575,"{'Paddy': np.float64(39.3), 'Wheat': np.float64(104.79), 'Maize': np.float64(85.74), 'Cotton': np.float64(67.37), 'Sugarcane': np.float64(31.44), 'Mustard': np.float64(117.89), 'Barley': np.float64(104.79), 'Groundnut': np.float64(78.6)}","['1. Mustard (117.89%)', '2. Wheat (104.79%)', '3. Barley (104.79%)']"
Ludhiana,725.5,Punjab,Ludhiana,Bhindi(Ladies Finger),Other,FAQ,28/10/2025,1400.0,1800.0,1600.0,471.575,,,471.575,"{'Paddy': np.float64(39.3), 'Wheat': np.float64(104.79), 'Maize': np.float64(85.74), 'Cotton': np.float64(67.37), 'Sugarcane': np.float64(31.44), 'Mustard': np.float64(117.89), 'Barley': np.float64(104.79), 'Groundnut': np.float64(78.6)}","['1. Mustard (117.89%)', '2. Wheat (104.79%)', '3. Barley (104.79%)']"
Ludhiana,725.5,Punjab,Ludhiana,Cabbage,Other,FAQ,28/10/2025,1000.0,1700.0,1400.0,471.575,,,471.575,"{'Paddy': np.float64(39.3), 'Wheat': np.float64(104.79), 'Maize': np.float64(85.74), 'Cotton': np.float64(67.37), 'Sugarcane': np.float64(31.44), 'Mustard': np.float64(117.89), 'Barley': np.float64(104.79), 'Groundnut': np.float64(78.6)}","['1. Mustard (117.89%)', '2. Wheat (104.79%)', '3. Barley (104.79%)']"
Ludhiana,725.5,Punjab,Ludhiana,Carrot,Other,FAQ,28/10/2025,1000.0,2500.0,1500.0,471.575,,,471.575,"{'Paddy': np.float64(39.3), 'Wheat': np.float64(104.79), 'Maize': np.float64(85.74), 'Cotton': np.float64(67.37), 'Sugarcane': np.float64(31.44), 'Mustard': np.float64(117.89), 'Barley': np.float64(104.79), 'Groundnut': np.float64(78.6)}","['1. Mustard (117.89%)', '2. Wheat (104.79%)', '3. Barley (104.79%)']"
Ludhiana,725.5,Punjab,Ludhiana,Colacasia,Other,FAQ,28/10/2025,1000.0,2000.0,1300.0,471.575,,,471.575,"{'Paddy': np.float64(39.3), 'Wheat': np.float64(104.79), 'Maize': np.float64(85.74), 'Cotton': np.float64(67.37), 'Sugarcane': np.float64(31.44), 'Mustard': np.float64(117.89), 'Barley': np.float64(104.79), 'Groundnut': np.float64(78.6)}","['1. Mustard (117.89%)', '2. Wheat (104.79%)', '3. Barley (104.79%)']"
Ludhiana,725.5,Punjab,Ludhiana,Coriander(Leaves),Other,FAQ,28/10/2025,2000.0,4000.0,3000.0,471.575,,,471.575,"{'Paddy': np.float64(39.3), 'Wheat': np.float64(104.79), 'Maize': np.float64(85.74), 'Cotton': np.float64(67.37), 'Sugarcane': np.float64(31.44), 'Mustard': np.float64(117.89), 'Barley': np.float64(104.79), 'Groundnut': np.float64(78.6)}","['1. Mustard (117.89%)', '2. Wheat (104.79%)', '3. Barley (104.79%)']"
Ludhiana,725.5,Punjab,Ludhiana,Garlic,Other,FAQ,28/10/2025,2300.0,5200.0,4000.0,471.575,,,471.575,"{'Paddy': np.float64(39.3), 'Wheat': np.float64(104.79), 'Maize': np.float64(85.74), 'Cotton': np.float64(67.37), 'Sugarcane': np.float64(31.44), 'Mustard': np.float64(117.89), 'Barley': np.float64(104.79), 'Groundnut': np.float64(78.6)}","['1. Mustard (117.89%)', '2. Wheat (104.79%)', '3. Barley (104.79%)']"
Ludhiana,725.5,Punjab,Ludhiana,Peas Wet,Other,FAQ,28/10/2025,4000.0,8000.0,6500.0,471.575,,,471.575,"{'Paddy': np.float64(39.3), 'Wheat': np.float64(104.79), 'Maize': np.float64(85.74), 'Cotton': np.float64(67.37), 'Sugarcane': np.float64(31.44), 'Mustard': np.float64(117.89), 'Barley': np.float64(104.79), 'Groundnut': np.float64(78.6)}","['1. Mustard (117.89%)', '2. Wheat (104.79%)', '3. Barley (104.79%)']"
Ludhiana,725.5,Punjab,Doraha,Capsicum,Capsicum,FAQ,28/10/2025,500.0,500.0,500.0,471.575,,,471.575,"{'Paddy': np.float64(39.3), 'Wheat': np.float64(104.79), 'Maize': np.float64(85.74), 'Cotton': np.float64(67.37), 'Sugarcane': np.float64(31.44), 'Mustard': np.float64(117.89), 'Barley': np.float64(104.79), 'Groundnut': np.float64(78.6)}","['1. Mustard (117.89%)', '2. Wheat (104.79%)', '3. Barley (104.79%)']"
Ludhiana,725.5,Punjab,Doraha,Potato,Other,Non-FAQ,28/10/2025,900.0,1200.0,1100.0,471.575,,,471.575,"{'Paddy': np.float64(39.3), 'Wheat': np.float64(104.79), 'Maize': np.float64(85.74), 'Cotton': np.float64(67.37), 'Sugarcane': np.float64(31.44), 'Mustard': np.float64(117.89), 'Barley': np.float64(104.79), 'Groundnut': np.float64(78.6)}","['1. Mustard (117.89%)', '2. Wheat (104.79%)', '3. Barley (104.79%)']"
Ludhiana,725.5,Punjab,Doraha,Tomato,Other,Non-FAQ,28/10/2025,1800.0,2500.0,2250.0,471.575,,,471.575,"{'Paddy': np.float64(39.3), 'Wheat': np.float64(104.79), 'Maize': np.float64(85.74), 'Cotton': np.float64(67.37), 'Sugarcane': np.float64(31.44), 'Mustard': np.float64(117.89), 'Barley': np.float64(104.79), 'Groundnut': np.float64(78.6)}","['1. Mustard (117.89%)', '2. Wheat (104.79%)', '3. Barley (104.79%)']"
Ludhiana,725.5,Punjab,Ludhiana,Ashgourd,Other,FAQ,28/10/2025,500.0,2800.0,1800.0,471.575,,,471.575,"{'Paddy': np.float64(39.3), 'Wheat': np.float64(104.79), 'Maize': np.float64(85.74), 'Cotton': np.float64(67.37), 'Sugarcane': np.float64(31.44), 'Mustard': np.float64(117.89), 'Barley': np.float64(104.79), 'Groundnut': np.float64(78.6)}","['1. Mustard (117.89%)', '2. Wheat (104.79%)', '3. Barley (104.79%)']"
Ludhiana,725.5,Punjab,Ludhiana,Bitter gourd,Other,FAQ,28/10/2025,1800.0,2600.0,2200.0,471.575,,,471.575,"{'Paddy': np.float64(39.3), 'Wheat': np.float64(104.79), 'Maize': np.float64(85.74), 'Cotton': np.float64(67.37), 'Sugarcane': np.float64(31.44), 'Mustard': np.float64(117.89), 'Barley': np.float64(104.79), 'Groundnut': np.float64(78.6)}","['1. Mustard (117.89%)', '2. Wheat (104.79%)', '3. Barley (104.79%)']"
Ludhiana,725.5,Punjab,Ludhiana,Cauliflower,Other,FAQ,28/10/2025,1700.0,4000.0,2800.0,471.575,,,471.575,"{'Paddy': np.float64(39.3), 'Wheat': np.float64(104.79), 'Maize': np.float64(85.74), 'Cotton': np.float64(67.37), 'Sugarcane': np.float64(31.44), 'Mustard': np.float64(117.89), 'Barley': np.float64(104.79), 'Groundnut': np.float64(78.6)}","['1. Mustard (117.89%)', '2. Wheat (104.79%)', '3. Barley (104.79%)']"
Ludhiana,725.5,Punjab,Ludhiana,Lemon,Other,FAQ,28/10/2025,1000.0,2800.0,2000.0,471.575,,,471.575,"{'Paddy': np.float64(39.3), 'Wheat': np.float64(104.79), 'Maize': np.float64(85.74), 'Cotton': np.float64(67.37), 'Sugarcane': np.float64(31.44), 'Mustard': np.float64(117.89), 'Barley': np.float64(104.79), 'Groundnut': np.float64(78.6)}","['1. Mustard (117.89%)', '2. Wheat (104.79%)', '3. Barley (104.79%)']"
Ludhiana,725.5,Punjab,Ludhiana,Mousambi(Sweet Lime),Other,Medium,28/10/2025,2000.0,3000.0,2700.0,471.575,,,471.575,"{'Paddy': np.float64(39.3), 'Wheat': np.float64(104.79), 'Maize': np.float64(85.74), 'Cotton': np.float64(67.37), 'Sugarcane': np.float64(31.44), 'Mustard': np.float64(117.89), 'Barley': np.float64(104.79), 'Groundnut': np.float64(78.6)}","['1. Mustard (117.89%)', '2. Wheat (104.79%)', '3. Barley (104.79%)']"
Ludhiana,725.5,Punjab,Ludhiana,Pomegranate,Other,Medium,28/10/2025,3000.0,7000.0,5000.0,471.575,,,471.575,"{'Paddy': np.float64(39.3), 'Wheat': np.float64(104.79), 'Maize': np.float64(85.74), 'Cotton': np.float64(67.37), 'Sugarcane': np.float64(31.44), 'Mustard': np.float64(117.89), 'Barley': np.float64(104.79), 'Groundnut': np.float64(78.6)}","['1. Mustard (117.89%)', '2. Wheat (104.79%)', '3. Barley (104.79%)']"
Ferozepur,437.9,,,,,,,,,,284.635,,,284.635,"{'Paddy': np.float64(23.72), 'Wheat': np.float64(63.25), 'Maize': np.float64(51.75), 'Cotton': np.float64(40.66), 'Sugarcane': np.float64(18.98), 'Mustard': np.float64(71.16), 'Barley': np.float64(63.25), 'Groundnut': np.float64(47.44)}","['1. Mustard (71.16%)', '2. Wheat (63.25%)', '3. Barley (63.25%)']"
Faridkot,510.6,Punjab,Jaitu(Bajakhana),Paddy(Dhan)(Common),Other,FAQ,28/10/2025,2389.0,2389.0,2389.0,331.89000000000004,,,331.89000000000004,"{'Paddy': np.float64(27.66), 'Wheat': np.float64(73.75), 'Maize': np.float64(60.34), 'Cotton': np.float64(47.41), 'Sugarcane': np.float64(22.13), 'Mustard': np.float64(82.97), 'Barley': np.float64(73.75), 'Groundnut': np.float64(55.32)}","['1. Mustard (82.97%)', '2. Wheat (73.75%)', '3. Barley (73.75%)']"
Sri Muktsar Sahib,426.3,,,,,,,,,,277.095,,,277.095,"{'Paddy': np.float64(23.09), 'Wheat': np.float64(61.58), 'Maize': np.float64(50.38), 'Cotton': np.float64(39.58), 'Sugarcane': np.float64(18.47), 'Mustard': np.float64(69.27), 'Barley': np.float64(61.58), 'Groundnut': np.float64(46.18)}","['1. Mustard (69.27%)', '2. Wheat (61.58%)', '3. Barley (61.58%)']"
Moga,390.0,Punjab,Kot ise Khan,Potato,Other,Non-FAQ,28/10/2025,800.0,1000.0,900.0,253.5,,,253.5,"{'Paddy': np.float64(21.12), 'Wheat': np.float64(56.33), 'Maize': np.float64(46.09), 'Cotton': np.float64(36.21), 'Sugarcane': np.float64(16.9), 'Mustard': np.float64(63.38), 'Barley': np.float64(56.33), 'Groundnut': np.float64(42.25)}","['1. Mustard (63.38%)', '2. Wheat (56.33%)', '3. Barley (56.33%)']"
Moga,390.0,Punjab,Kot ise Khan,Raddish,Other,FAQ,28/10/2025,800.0,1000.0,900.0,253.5,,,253.5,"{'Paddy': np.float64(21.12), 'Wheat': np.float64(56.33), 'Maize': np.float64(46.09), 'Cotton': np.float64(36.21), 'Sugarcane': np.float64(16.9), 'Mustard': np.float64(63.38), 'Barley': np.float64(56.33), 'Groundnut': np.float64(42.25)}","['1. Mustard (63.38%)', '2. Wheat (56.33%)', '3. Barley (56.33%)']"
Moga,390.0,Punjab,Kot ise Khan,Bhindi(Ladies Finger),Other,FAQ,28/10/2025,1000.0,1200.0,1100.0,253.5,,,253.5,"{'Paddy': np.float64(21.12), 'Wheat': np.float64(56.33), 'Maize': np.float64(46.09), 'Cotton': np.float64(36.21), 'Sugarcane': np.float64(16.9), 'Mustard': np.float64(63.38), 'Barley': np.float64(56.33), 'Groundnut': np.float64(42.25)}","['1. Mustard (63.38%)', '2. Wheat (56.33%)', '3. Barley (56.33%)']"
Moga,390.0,Punjab,Kot ise Khan,Green Chilli,Other,FAQ,28/10/2025,1200.0,1400.0,1300.0,253.5,,,253.5,"{'Paddy': np.float64(21.12), 'Wheat': np.float64(56.33), 'Maize': np.float64(46.09), 'Cotton': np.float64(36.21), 'Sugarcane': np.float64(16.9), 'Mustard': np.float64(63.38), 'Barley': np.float64(56.33), 'Groundnut': np.float64(42.25)}","['1. Mustard (63.38%)', '2. Wheat (56.33%)', '3. Barley (56.33%)']"
Moga,390.0,Punjab,Kot ise Khan,Paddy(Dhan)(Basmati),1121,FAQ,28/10/2025,2389.0,2391.0,2390.0,253.5,,,253.5,"{'Paddy': np.float64(21.12), 'Wheat': np.float64(56.33), 'Maize': np.float64(46.09), 'Cotton': np.float64(36.21), 'Sugarcane': np.float64(16.9), 'Mustard': np.float64(63.38), 'Barley': np.float64(56.33), 'Groundnut': np.float64(42.25)}","['1. Mustard (63.38%)', '2. Wheat (56.33%)', '3. Barley (56.33%)']"
Moga,390.0,Punjab,Kot ise Khan,Season Leaves,Other,FAQ,28/10/2025,800.0,1000.0,900.0,253.5,,,253.5,"{'Paddy': np.float64(21.12), 'Wheat': np.float64(56.33), 'Maize': np.float64(46.09), 'Cotton': np.float64(36.21), 'Sugarcane': np.float64(16.9), 'Mustard': np.float64(63.38), 'Barley': np.float64(56.33), 'Groundnut': np.float64(42.25)}","['1. Mustard (63.38%)', '2. Wheat (56.33%)', '3. Barley (56.33%)']"
Moga,390.0,Punjab,Kot ise Khan,Brinjal,Other,FAQ,28/10/2025,800.0,1000.0,900.0,253.5,,,253.5,"{'Paddy': np.float64(21.12), 'Wheat': np.float64(56.33), 'Maize': np.float64(46.09), 'Cotton': np.float64(36.21), 'Sugarcane': np.float64(16.9), 'Mustard': np.float64(63.38), 'Barley': np.float64(56.33), 'Groundnut': np.float64(42.25)}","['1. Mustard (63.38%)', '2. Wheat (56.33%)', '3. Barley (56.33%)']"
Moga,390.0,Punjab,Kot ise Khan,Cucumbar(Kheera),Other,FAQ,28/10/2025,1000.0,1200.0,1100.0,253.5,,,253.5,"{'Paddy': np.float64(21.12), 'Wheat': np.float64(56.33), 'Maize': np.float64(46.09), 'Cotton': np.float64(36.21), 'Sugarcane': np.float64(16.9), 'Mustard': np.float64(63.38), 'Barley': np.float64(56.33), 'Groundnut': np.float64(42.25)}","['1. Mustard (63.38%)', '2. Wheat (56.33%)', '3. Barley (56.33%)']"
Moga,390.0,Punjab,Kot ise Khan,Potato,Other,FAQ,28/10/2025,1000.0,1200.0,1100.0,253.5,,,253.5,"{'Paddy': np.float64(21.12), 'Wheat': np.float64(56.33), 'Maize': np.float64(46.09), 'Cotton': np.float64(36.21), 'Sugarcane': np.float64(16.9), 'Mustard': np.float64(63.38), 'Barley': np.float64(56.33), 'Groundnut': np.float64(42.25)}","['1. Mustard (63.38%)', '2. Wheat (56.33%)', '3. Barley (56.33%)']"
Bathinda,492.6,,,,,,,,,,320.19,,,320.19,"{'Paddy': np.float64(26.68), 'Wheat': np.float64(71.15), 'Maize': np.float64(58.22), 'Cotton': np.float64(45.74), 'Sugarcane': np.float64(21.35), 'Mustard': np.float64(80.05), 'Barley': np.float64(71.15), 'Groundnut': np.float64(53.36)}","['1. Mustard (80.05%)', '2. Wheat (71.15%)', '3. Barley (71.15%)']"
Mansa,211.8,,,,,,,,,,137.67000000000002,,,137.67000000000002,"{'Paddy': np.float64(11.47), 'Wheat': np.float64(30.59), 'Maize': np.float64(25.03), 'Cotton': np.float64(19.67), 'Sugarcane': np.float64(9.18), 'Mustard': np.float64(34.42), 'Barley': np.float64(30.59), 'Groundnut': np.float64(22.94)}","['1. Mustard (34.42%)', '2. Wheat (30.59%)', '3. Barley (30.59%)']"
Sangrur,337.3,Punjab,Ahmedgarh,Apple,American,Medium,28/10/2025,5000.0,5500.0,5000.0,219.245,,,219.245,"{'Paddy': np.float64(18.27), 'Wheat': np.float64(48.72), 'Maize': np.float64(39.86), 'Cotton': np.float64(31.32), 'Sugarcane': np.float64(14.62), 'Mustard': np.float64(54.81), 'Barley': np.float64(48.72), 'Groundnut': np.float64(36.54)}","['1. Mustard (54.81%)', '2. Wheat (48.72%)', '3. Barley (48.72%)']"
Sangrur,337.3,Punjab,Ahmedgarh,Raddish,Other,FAQ,28/10/2025,3000.0,3500.0,3500.0,219.245,,,219.245,"{'Paddy': np.float64(18.27), 'Wheat': np.float64(48.72), 'Maize': np.float64(39.86), 'Cotton': np.float64(31.32), 'Sugarcane': np.float64(14.62), 'Mustard': np.float64(54.81), 'Barley': np.float64(48.72), 'Groundnut': np.float64(36.54)}","['1. Mustard (54.81%)', '2. Wheat (48.72%)', '3. Barley (48.72%)']"
Sangrur,337.3,Punjab,Dhuri,Potato,Potato,FAQ,28/10/2025,900.0,1000.0,950.0,219.245,,,219.245,"{'Paddy': np.float64(18.27), 'Wheat': np.float64(48.72), 'Maize': np.float64(39.86), 'Cotton': np.float64(31.32), 'Sugarcane': np.float64(14.62), 'Mustard': np.float64(54.81), 'Barley': np.float64(48.72), 'Groundnut': np.float64(36.54)}","['1. Mustard (54.81%)', '2. Wheat (48.72%)', '3. Barley (48.72%)']"
Sangrur,337.3,Punjab,Ahmedgarh,Paddy(Dhan)(Common),Paddy,FAQ,28/10/2025,2389.0,2389.0,2389.0,219.245,,,219.245,"{'Paddy': np.float64(18.27), 'Wheat': np.float64(48.72), 'Maize': np.float64(39.86), 'Cotton': np.float64(31.32), 'Sugarcane': np.float64(14.62), 'Mustard': np.float64(54.81), 'Barley': np.float64(48.72), 'Groundnut': np.float64(36.54)}","['1. Mustard (54.81%)', '2. Wheat (48.72%)', '3. Barley (48.72%)']"
Sangrur,337.3,Punjab,Ahmedgarh,Ridgeguard(Tori),Other,FAQ,28/10/2025,2600.0,2800.0,2800.0,219.245,,,219.245,"{'Paddy': np.float64(18.27), 'Wheat': np.float64(48.72), 'Maize': np.float64(39.86), 'Cotton': np.float64(31.32), 'Sugarcane': np.float64(14.62), 'Mustard': np.float64(54.81), 'Barley': np.float64(48.72), 'Groundnut': np.float64(36.54)}","['1. Mustard (54.81%)', '2. Wheat (48.72%)', '3. Barley (48.72%)']"
Sangrur,337.3,Punjab,Ahmedgarh,Tomato,Other,FAQ,28/10/2025,3000.0,3200.0,3200.0,219.245,,,219.245,"{'Paddy': np.float64(18.27), 'Wheat': np.float64(48.72), 'Maize': np.float64(39.86), 'Cotton': np.float64(31.32), 'Sugarcane': np.float64(14.62), 'Mustard': np.float64(54.81), 'Barley': np.float64(48.72), 'Groundnut': np.float64(36.54)}","['1. Mustard (54.81%)', '2. Wheat (48.72%)', '3. Barley (48.72%)']"
Sangrur,337.3,Punjab,Dhuri,Apple,Apple,Medium,28/10/2025,4500.0,6500.0,5500.0,219.245,,,219.245,"{'Paddy': np.float64(18.27), 'Wheat': np.float64(48.72), 'Maize': np.float64(39.86), 'Cotton': np.float64(31.32), 'Sugarcane': np.float64(14.62), 'Mustard': np.float64(54.81), 'Barley': np.float64(48.72), 'Groundnut': np.float64(36.54)}","['1. Mustard (54.81%)', '2. Wheat (48.72%)', '3. Barley (48.72%)']"
Sangrur,337.3,Punjab,Dhuri,Cauliflower,Cauliflower,FAQ,28/10/2025,4400.0,5000.0,4600.0,219.245,,,219.245,"{'Paddy': np.float64(18.27), 'Wheat': np.float64(48.72), 'Maize': np.float64(39.86), 'Cotton': np.float64(31.32), 'Sugarcane': np.float64(14.62), 'Mustard': np.float64(54.81), 'Barley': np.float64(48.72), 'Groundnut': np.float64(36.54)}","['1. Mustard (54.81%)', '2. Wheat (48.72%)', '3. Barley (48.72%)']"
Sangrur,337.3,Punjab,Ahmedgarh,Cauliflower,Other,FAQ,28/10/2025,5500.0,6000.0,6000.0,219.245,,,219.245,"{'Paddy': np.float64(18.27), 'Wheat': np.float64(48.72), 'Maize': np.float64(39.86), 'Cotton': np.float64(31.32), 'Sugarcane': np.float64(14.62), 'Mustard': np.float64(54.81), 'Barley': np.float64(48.72), 'Groundnut': np.float64(36.54)}","['1. Mustard (54.81%)', '2. Wheat (48.72%)', '3. Barley (48.72%)']"
Sangrur,337.3,Punjab,Ahmedgarh,Onion,Other,FAQ,28/10/2025,2000.0,2200.0,2200.0,219.245,,,219.245,"{'Paddy': np.float64(18.27), 'Wheat': np.float64(48.72), 'Maize': np.float64(39.86), 'Cotton': np.float64(31.32), 'Sugarcane': np.float64(14.62), 'Mustard': np.float64(54.81), 'Barley': np.float64(48.72), 'Groundnut': np.float64(36.54)}","['1. Mustard (54.81%)', '2. Wheat (48.72%)', '3. Barley (48.72%)']"
Sangrur,337.3,Punjab,Ahmedgarh,Potato,Other,FAQ,28/10/2025,1000.0,1200.0,1000.0,219.245,,,219.245,"{'Paddy': np.float64(18.27), 'Wheat': np.float64(48.72), 'Maize': np.float64(39.86), 'Cotton': np.float64(31.32), 'Sugarcane': np.float64(14.62), 'Mustard': np.float64(54.81), 'Barley': np.float64(48.72), 'Groundnut': np.float64(36.54)}","['1. Mustard (54.81%)', '2. Wheat (48.72%)', '3. Barley (48.72%)']"
Sangrur,337.3,Punjab,Ahmedgarh,Banana,Other,Medium,28/10/2025,2500.0,2700.0,2500.0,219.245,,,219.245,"{'Paddy': np.float64(18.27), 'Wheat': np.float64(48.72), 'Maize': np.float64(39.86), 'Cotton': np.float64(31.32), 'Sugarcane': np.float64(14.62), 'Mustard': np.float64(54.81), 'Barley': np.float64(48.72), 'Groundnut': np.float64(36.54)}","['1. Mustard (54.81%)', '2. Wheat (48.72%)', '3. Barley (48.72%)']"
Sangrur,337.3,Punjab,Ahmedgarh,Bhindi(Ladies Finger),Other,FAQ,28/10/2025,2400.0,2500.0,2500.0,219.245,,,219.245,"{'Paddy': np.float64(18.27), 'Wheat': np.float64(48.72), 'Maize': np.float64(39.86), 'Cotton': np.float64(31.32), 'Sugarcane': np.float64(14.62), 'Mustard': np.float64(54.81), 'Barley': np.float64(48.72), 'Groundnut': np.float64(36.54)}","['1. Mustard (54.81%)', '2. Wheat (48.72%)', '3. Barley (48.72%)']"
Sangrur,337.3,Punjab,Ahmedgarh,Spinach,Other,FAQ,28/10/2025,1800.0,2000.0,1800.0,219.245,,,219.245,"{'Paddy': np.float64(18.27), 'Wheat': np.float64(48.72), 'Maize': np.float64(39.86), 'Cotton': np.float64(31.32), 'Sugarcane': np.float64(14.62), 'Mustard': np.float64(54.81), 'Barley': np.float64(48.72), 'Groundnut': np.float64(36.54)}","['1. Mustard (54.81%)', '2. Wheat (48.72%)', '3. Barley (48.72%)']"
Sangrur,337.3,Punjab,Dhuri,Banana,Banana - Ripe,Medium,28/10/2025,1800.0,2200.0,2000.0,219.245,,,219.245,"{'Paddy': np.float64(18.27), 'Wheat': np.float64(48.72), 'Maize': np.float64(39.86), 'Cotton': np.float64(31.32), 'Sugarcane': np.float64(14.62), 'Mustard': np.float64(54.81), 'Barley': np.float64(48.72), 'Groundnut': np.float64(36.54)}","['1. Mustard (54.81%)', '2. Wheat (48.72%)', '3. Barley (48.72%)']"
Sangrur,337.3,Punjab,Dhuri,Mousambi(Sweet Lime),Mousambi,Medium,28/10/2025,4200.0,4800.0,4800.0,219.245,,,219.245,"{'Paddy': np.float64(18.27), 'Wheat': np.float64(48.72), 'Maize': np.float64(39.86), 'Cotton': np.float64(31.32), 'Sugarcane': np.float64(14.62), 'Mustard': np.float64(54.81), 'Barley': np.float64(48.72), 'Groundnut': np.float64(36.54)}","['1. Mustard (54.81%)', '2. Wheat (48.72%)', '3. Barley (48.72%)']"
Sangrur,337.3,Punjab,Dhuri,Onion,Onion,FAQ,28/10/2025,1300.0,1500.0,1400.0,219.245,,,219.245,"{'Paddy': np.float64(18.27), 'Wheat': np.float64(48.72), 'Maize': np.float64(39.86), 'Cotton': np.float64(31.32), 'Sugarcane': np.float64(14.62), 'Mustard': np.float64(54.81), 'Barley': np.float64(48.72), 'Groundnut': np.float64(36.54)}","['1. Mustard (54.81%)', '2. Wheat (48.72%)', '3. Barley (48.72%)']"
Sangrur,337.3,Punjab,Dhuri,Papaya,Papaya,Medium,28/10/2025,2300.0,2600.0,2500.0,219.245,,,219.245,"{'Paddy': np.float64(18.27), 'Wheat': np.float64(48.72), 'Maize': np.float64(39.86), 'Cotton': np.float64(31.32), 'Sugarcane': np.float64(14.62), 'Mustard': np.float64(54.81), 'Barley': np.float64(48.72), 'Groundnut': np.float64(36.54)}","['1. Mustard (54.81%)', '2. Wheat (48.72%)', '3. Barley (48.72%)']"
Sangrur,337.3,Punjab,Dhuri,Tomato,Tomato,FAQ,28/10/2025,2200.0,2400.0,2300.0,219.245,,,219.245,"{'Paddy': np.float64(18.27), 'Wheat': np.float64(48.72), 'Maize': np.float64(39.86), 'Cotton': np.float64(31.32), 'Sugarcane': np.float64(14.62), 'Mustard': np.float64(54.81), 'Barley': np.float64(48.72), 'Groundnut': np.float64(36.54)}","['1. Mustard (54.81%)', '2. Wheat (48.72%)', '3. Barley (48.72%)']"
Barnala,315.2,,,,,,,,,,204.88,,,204.88,"{'Paddy': np.float64(17.07), 'Wheat': np.float64(45.53), 'Maize': np.float64(37.25), 'Cotton': np.float64(29.27), 'Sugarcane': np.float64(13.66), 'Mustard': np.float64(51.22), 'Barley': np.float64(45.53), 'Groundnut': np.float64(34.15)}","['1. Mustard (51.22%)', '2. Wheat (45.53%)', '3. Barley (45.53%)']"
Patiala,678.4,Punjab,Ghanaur,Onion,Other,FAQ,28/10/2025,1300.0,1500.0,1400.0,440.96,,,440.96,"{'Paddy': np.float64(36.75), 'Wheat': np.float64(97.99), 'Maize': np.float64(80.17), 'Cotton': np.float64(62.99), 'Sugarcane': np.float64(29.4), 'Mustard': np.float64(110.24), 'Barley': np.float64(97.99), 'Groundnut': np.float64(73.49)}","['1. Mustard (110.24%)', '2. Wheat (97.99%)', '3. Barley (97.99%)']"
Patiala,678.4,Punjab,Ghanaur,Tomato,Other,FAQ,28/10/2025,2000.0,2500.0,2300.0,440.96,,,440.96,"{'Paddy': np.float64(36.75), 'Wheat': np.float64(97.99), 'Maize': np.float64(80.17), 'Cotton': np.float64(62.99), 'Sugarcane': np.float64(29.4), 'Mustard': np.float64(110.24), 'Barley': np.float64(97.99), 'Groundnut': np.float64(73.49)}","['1. Mustard (110.24%)', '2. Wheat (97.99%)', '3. Barley (97.99%)']"
Patiala,678.4,Punjab,Ghanaur,Potato,Other,FAQ,28/10/2025,1300.0,1500.0,1400.0,440.96,,,440.96,"{'Paddy': np.float64(36.75), 'Wheat': np.float64(97.99), 'Maize': np.float64(80.17), 'Cotton': np.float64(62.99), 'Sugarcane': np.float64(29.4), 'Mustard': np.float64(110.24), 'Barley': np.float64(97.99), 'Groundnut': np.float64(73.49)}","['1. Mustard (110.24%)', '2. Wheat (97.99%)', '3. Barley (97.99%)']"
Fatehgarh Sahib,530.3,,,,,,,,,,344.695,,,344.695,"{'Paddy': np.float64(28.72), 'Wheat': np.float64(76.6), 'Maize': np.float64(62.67), 'Cotton': np.float64(49.24), 'Sugarcane': np.float64(22.98), 'Mustard': np.float64(86.17), 'Barley': np.float64(76.6), 'Groundnut': np.float64(57.45)}","['1. Mustard (86.17%)', '2. Wheat (76.6%)', '3. Barley (76.6%)']"
Punjab,556.9,,,,,,,,,,361.985,,,361.985,"{'Paddy': np.float64(30.17), 'Wheat': np.float64(80.44), 'Maize': np.float64(65.82), 'Cotton': np.float64(51.71), 'Sugarcane': np.float64(24.13), 'Mustard': np.float64(90.5), 'Barley': np.float64(80.44), 'Groundnut': np.float64(60.33)}","['1. Mustard (90.5%)', '2. Wheat (80.44%)', '3. Barley (80.44%)']"
